date,mean,meanQual
11/6/2013,4.03,A
11/7/2013,4.19,A
11/8/2013,4.13,A
11/9/2013,4.38,A
11/10/2013,3.65,A
11/11/2013,2.93,A
11/12/2013,2.56,A
11/13/2013,2.46,A
11/14/2013,2.87,A
11/15/2013,3.19,A
11/16/2013,3.29,A
11/17/2013,3.04,A
11/18/2013,3.03,A
11/19/2013,2.98,A
11/20/2013,2.84,A
11/21/2013,2.78,A
11/22/2013,2.94,A
11/23/2013,3.12,A
11/24/2013,2.94,A
11/26/2013,3.32,A
11/27/2013,4.22,A
11/28/2013,4.71,A
11/29/2013,5.53,A
11/30/2013,4.74,A
12/1/2013,6.73,A
12/2/2013,8.44,A
12/3/2013,9.66,A
12/4/2013,9.87,A
12/5/2013,9.96,A
12/6/2013,9.96,A
12/7/2013,9.58,A
12/8/2013,7.46,A
12/9/2013,5.52,A
12/10/2013,4.88,A
12/11/2013,4.63,A
12/12/2013,6.07,A
12/13/2013,6.68,A
12/14/2013,7.92,A
12/15/2013,8.6,A
12/16/2013,9.67,A
12/17/2013,10.41,A
12/18/2013,10.5,A
12/19/2013,11.26,A
12/20/2013,11.9,A
12/21/2013,10.95,A
12/22/2013,8.18,A
12/23/2013,6.11,A
12/24/2013,5.86,A
12/25/2013,6.53,A
12/26/2013,7.45,A
12/27/2013,7.63,A
12/28/2013,8.03,A
12/29/2013,9,A
12/30/2013,10.13,A
12/31/2013,11.6,A
1/1/2014,12.94,A
1/2/2014,14.41,A
1/3/2014,15.06,A
1/4/2014,15.52,A
1/5/2014,15.88,A
1/6/2014,15.83,A
1/7/2014,15.81,A
1/8/2014,16.01,A
1/9/2014,16.34,A
1/10/2014,16.55,A
1/11/2014,16.59,A
1/12/2014,16.29,A
1/13/2014,15.8,A
1/14/2014,15.29,A
1/15/2014,15.01,A
1/16/2014,15.56,A
1/17/2014,16.06,A
1/18/2014,16.39,A
1/19/2014,16.65,A
1/20/2014,16.81,A
1/21/2014,16.91,A
1/22/2014,16.97,A
1/23/2014,16.97,A
1/24/2014,17.02,A
1/25/2014,17.05,A
1/26/2014,16.78,A
1/27/2014,16.13,A
1/28/2014,15.12,A
1/29/2014,14.41,A
1/30/2014,14.75,A
1/31/2014,15.14,A
2/1/2014,15.01,A
2/2/2014,13.06,A
2/3/2014,10.91,A
2/4/2014,10.72,A
2/5/2014,11.07,A
2/6/2014,10.95,A
2/7/2014,10.75,A
2/8/2014,10.72,A
2/9/2014,9.47,A
2/10/2014,8.11,A
2/11/2014,8.76,A
2/12/2014,9.91,A
2/13/2014,11.34,A
2/14/2014,12.36,A
2/15/2014,12.44,A
2/16/2014,11.33,A
2/17/2014,10.78,A
2/18/2014,10.86,A
2/19/2014,12,A
2/20/2014,12.09,A
2/21/2014,11.5,A
2/22/2014,11.17,A
2/23/2014,14.5,A
2/24/2014,15.34,A
2/25/2014,15.67,A
2/26/2014,16.04,A
2/27/2014,16.35,A
2/28/2014,16.58,A
3/1/2014,16.67,A
3/2/2014,15.75,A
3/3/2014,14.09,A
3/4/2014,12.51,A
3/5/2014,11.32,A
3/6/2014,10.26,A
3/7/2014,9.95,A
3/8/2014,10.52,A
3/9/2014,9.95,A
3/10/2014,9.01,A
3/11/2014,8.23,A
3/12/2014,7.66,A
3/13/2014,9.06,A
3/14/2014,14.21,A
3/15/2014,15.32,A
3/16/2014,15.01,A
3/17/2014,14.44,A
3/18/2014,14.11,A
3/19/2014,14.06,A
3/20/2014,14.74,A
3/21/2014,15.13,A
3/22/2014,14.77,A
3/23/2014,14.02,A
3/24/2014,12.67,A
3/25/2014,11.64,A
3/26/2014,11.07,A
3/27/2014,10.73,A
3/28/2014,10.49,A
3/29/2014,10.64,A
3/30/2014,12.27,A
3/31/2014,13.29,A
4/1/2014,13.57,A
4/2/2014,13.48,A
4/3/2014,13.3,A
4/4/2014,13.12,A
4/5/2014,12.91,A
4/6/2014,12.34,A
4/7/2014,11.92,A
4/8/2014,12.04,A
4/9/2014,12.4,A
4/10/2014,13.62,A
4/11/2014,14.24,A
4/12/2014,14.64,A
4/13/2014,15.4,A
4/14/2014,15.87,A
4/15/2014,16.25,A
4/16/2014,16.65,A
4/17/2014,16.91,A
4/18/2014,17.08,A
4/19/2014,17.17,A
4/20/2014,17.19,A
4/21/2014,17.2,A
4/22/2014,17.1,A
4/23/2014,16.74,A
4/24/2014,16.06,A
4/25/2014,15.14,A
4/26/2014,14.94,A
4/27/2014,14.83,A
4/28/2014,14.19,A
4/29/2014,13.49,A
4/30/2014,13.47,A
5/1/2014,14.91,A
5/2/2014,15.96,A
5/3/2014,16.4,A
5/4/2014,16.53,A
5/5/2014,16.41,A
5/6/2014,16.22,A
5/7/2014,15.96,A
5/8/2014,15.16,A
5/9/2014,14.15,A
5/10/2014,12.91,A
5/11/2014,11.07,A
5/12/2014,9.54,A
5/13/2014,8.57,A
5/14/2014,7.92,A
5/15/2014,8.02,A
5/16/2014,8.86,A
5/17/2014,10,A
5/18/2014,11.58,A
5/19/2014,13.64,A
5/20/2014,14.24,A
5/21/2014,14.51,A
5/22/2014,14.67,A
5/23/2014,14.79,A
5/24/2014,14.89,A
5/25/2014,14.99,A
5/26/2014,15.08,A
5/27/2014,15.12,A
5/28/2014,15.13,A
5/29/2014,15.17,A
5/30/2014,15.21,A
5/31/2014,15.2,A
6/1/2014,14.71,A
6/2/2014,13.75,A
6/3/2014,12.61,A
6/4/2014,11.75,A
6/5/2014,11.14,A
6/6/2014,10.77,A
6/7/2014,10.52,A
6/8/2014,10.04,A
6/9/2014,9.76,A
6/10/2014,9.7,A
6/11/2014,9.56,A
6/12/2014,9.18,A
6/13/2014,8.58,A
6/14/2014,7.84,A
6/15/2014,7,A
6/16/2014,,
6/17/2014,,
6/18/2014,4.7,A
6/19/2014,4.95,A
6/20/2014,5.04,A
6/21/2014,4.48,A
6/22/2014,4.11,A
6/23/2014,4.01,A
6/24/2014,3.9,A
6/25/2014,3.88,A
6/26/2014,3.85,A
6/27/2014,3.83,A
6/28/2014,3.88,A
6/29/2014,3.83,A
6/30/2014,3.68,A
7/1/2014,4.29,A
7/2/2014,5.61,A
7/3/2014,6.19,A
7/4/2014,6.9,A
7/5/2014,5.92,A
7/6/2014,4.23,A
7/7/2014,3.45,A
7/8/2014,3.58,A
7/9/2014,4.33,A
7/10/2014,5.12,A
7/11/2014,5.8,A
7/12/2014,5.54,A
7/13/2014,4.64,A
7/14/2014,3.68,A
7/15/2014,3.96,A
7/16/2014,5.54,A
7/17/2014,5.99,A
7/18/2014,5.53,A
7/19/2014,4.57,A
7/20/2014,3.41,A
7/21/2014,3.13,A
7/22/2014,3.35,A
7/23/2014,4.55,A
7/24/2014,5.28,A
7/25/2014,5.52,A
7/26/2014,5.88,A
7/27/2014,5.19,A
7/28/2014,4,A
7/29/2014,4.23,A
7/30/2014,5.1,A
7/31/2014,5.66,A
8/1/2014,5.44,A
8/2/2014,5.26,A
8/3/2014,6.51,A
8/4/2014,6.81,A
8/5/2014,6.46,A
8/6/2014,6.97,A
8/7/2014,7.3,A
8/8/2014,6.12,A
8/9/2014,4.75,A
8/10/2014,4.15,A
8/11/2014,3.97,A
8/12/2014,4.32,A
8/13/2014,4.95,A
8/14/2014,4.91,A
8/15/2014,4.97,A
8/16/2014,5.11,A
8/17/2014,4.76,A
8/18/2014,4.15,A
8/19/2014,4.72,A
8/20/2014,5.99,A
8/21/2014,7.34,A
8/22/2014,8.44,A
8/23/2014,8.9,A
8/24/2014,7.23,A
8/25/2014,5.06,A
8/26/2014,4.32,A
8/27/2014,4.86,A
8/28/2014,5.15,A
8/29/2014,6.02,A
8/30/2014,6.73,A
8/31/2014,5.81,A
9/1/2014,4.5,A
9/2/2014,3.86,A
9/3/2014,5.39,A
9/4/2014,8.06,A
9/5/2014,8.53,A
9/6/2014,8.96,A
9/7/2014,7.17,A
9/8/2014,5.34,A
9/9/2014,5.49,A
9/10/2014,11.12,A
9/11/2014,11.46,A
9/12/2014,9.53,A
9/13/2014,8.36,A
9/14/2014,6.73,A
9/15/2014,5.19,A
9/16/2014,4.85,A
9/17/2014,6.5,A
9/18/2014,7.58,A
9/19/2014,7.09,A
9/20/2014,6.46,A
9/21/2014,5.42,A
9/22/2014,4.25,A
9/23/2014,4.79,A
9/24/2014,5.49,A
9/25/2014,5.38,A
9/26/2014,5.27,A
9/27/2014,4.47,A
9/28/2014,3.95,A
9/29/2014,3.66,A
9/30/2014,3.65,A
10/1/2014,3.82,A
10/2/2014,3.48,A
10/3/2014,3.48,A
10/4/2014,3.42,A
10/5/2014,3.17,A
10/6/2014,3.19,A
10/7/2014,3.28,A
10/8/2014,3.16,A
10/9/2014,3.1,A
10/10/2014,3.02,A
10/11/2014,3.25,A
10/12/2014,3.26,A
10/13/2014,2.99,A
10/14/2014,3.38,A
10/15/2014,4.83,A
10/16/2014,8.24,A
10/17/2014,10.75,A
10/18/2014,10.27,A
10/19/2014,9.34,A
10/20/2014,9.37,A
10/21/2014,9.54,A
10/22/2014,9.53,A
10/23/2014,9.4,A
10/24/2014,9.32,A
10/25/2014,9.39,A
10/26/2014,8.34,A
10/27/2014,6.25,A
10/28/2014,4.56,A
10/29/2014,3.77,A
10/30/2014,3.53,A
10/31/2014,2.99,A
11/1/2014,2.72,A
11/2/2014,2.54,A
11/3/2014,2.26,A
11/4/2014,2.42,A
11/5/2014,2.64,A
11/6/2014,2.64,A
11/7/2014,2.56,A
11/8/2014,2.58,A
11/9/2014,2.65,A
11/10/2014,2.63,A
11/11/2014,2.58,A
11/12/2014,2.63,A
11/13/2014,2.7,A
11/14/2014,2.46,A
11/15/2014,2.29,A
11/16/2014,2.43,A
11/17/2014,2.69,A
11/18/2014,2.82,A
11/19/2014,2.64,A
11/20/2014,2.94,A
11/21/2014,3.06,A
11/22/2014,2.79,A
11/23/2014,2.78,A
11/24/2014,3.03,A
11/25/2014,3.3,A
11/26/2014,3.63,A
11/27/2014,7.03,A
11/28/2014,7.87,A
11/29/2014,5.88,A
11/30/2014,4.62,A
12/1/2014,3.94,A
12/2/2014,3.63,A
12/3/2014,3.63,A
12/4/2014,6.87,A
12/5/2014,9.31,A
12/6/2014,10.68,A
12/7/2014,10.6,A
12/8/2014,10.27,A
12/9/2014,10.28,A
12/10/2014,10.29,A
12/11/2014,10.56,A
12/12/2014,12.02,A
12/13/2014,11.5,A
12/14/2014,9.57,A
12/15/2014,8.29,A
12/16/2014,8.46,A
12/17/2014,8.62,A
12/18/2014,8.52,A
12/19/2014,8.39,A
12/20/2014,8.23,A
12/21/2014,6.62,A
12/22/2014,5.42,A
12/23/2014,7.54,A
12/24/2014,9.4,A
12/25/2014,12.6,A
12/26/2014,13.34,A
12/27/2014,13.02,A
12/28/2014,11.62,A
12/29/2014,10.69,A
12/30/2014,10.76,A
12/31/2014,10.23,A
1/1/2015,11.86,A
1/2/2015,12.91,A
1/3/2015,13.41,A
1/4/2015,11.39,A
1/5/2015,9.62,A
1/6/2015,10.41,A
1/7/2015,10.56,A
1/8/2015,10.73,A
1/9/2015,11.47,A
1/10/2015,10.85,A
1/11/2015,10.46,A
1/12/2015,9.96,A
1/13/2015,10.9,A
1/14/2015,11.75,A
1/15/2015,11.99,A
1/16/2015,11.95,A
1/17/2015,11.57,A
1/18/2015,10.74,A
1/19/2015,10.51,A
1/20/2015,10.99,A
1/21/2015,11.51,A
1/22/2015,10.91,A
1/23/2015,11.46,A
1/24/2015,12.06,A
1/25/2015,10.68,A
1/26/2015,8.95,A
1/27/2015,8.25,A
1/28/2015,9.72,A
1/29/2015,10.8,A
1/30/2015,10.94,A
1/31/2015,10.55,A
2/1/2015,10.44,A
2/2/2015,10.33,A
2/3/2015,10.96,A
2/4/2015,11.32,A
2/5/2015,10.98,A
2/6/2015,10.35,A
2/7/2015,9.76,A
2/8/2015,7.63,A
2/9/2015,5.92,A
2/10/2015,5.39,A
2/11/2015,5.18,A
2/12/2015,4.99,A
2/13/2015,5.16,A
2/14/2015,5.51,A
2/15/2015,5.05,A
2/16/2015,4.76,A
2/17/2015,7.32,A
2/18/2015,9.38,A
2/19/2015,9.57,A
2/20/2015,9.72,A
2/21/2015,9.95,A
2/22/2015,8.45,A
2/23/2015,6.4,A
2/24/2015,5.55,A
2/25/2015,6.71,A
2/26/2015,7.25,A
2/27/2015,7.03,A
2/28/2015,9.64,A
3/1/2015,11.42,A
3/2/2015,11,A
3/3/2015,10.84,A
3/4/2015,10.69,A
3/5/2015,10.37,A
3/6/2015,11.02,A
3/7/2015,12.6,A
3/8/2015,13.28,A
3/9/2015,13.46,A
3/10/2015,13.41,A
3/11/2015,13.52,A
3/12/2015,14.37,A
3/13/2015,14.82,A
3/14/2015,14.99,A
3/15/2015,14.44,A
3/16/2015,13.31,A
3/17/2015,12.07,A
3/18/2015,11.06,A
3/19/2015,10.33,A
3/20/2015,10.04,A
3/21/2015,10.15,A
3/22/2015,10.08,A
3/23/2015,9.94,A
3/24/2015,10.14,A
3/25/2015,10.43,A
3/26/2015,10.17,A
3/27/2015,10.11,A
3/28/2015,10.33,A
3/29/2015,10.24,A
3/30/2015,10.03,A
3/31/2015,9.85,A
4/1/2015,9.73,A
4/2/2015,10.19,A
4/3/2015,10.56,A
4/4/2015,10.66,A
4/5/2015,10.62,A
4/6/2015,10.58,A
4/7/2015,10.6,A
4/8/2015,10.59,A
4/9/2015,10.76,A
4/10/2015,10.9,A
4/11/2015,10.87,A
4/12/2015,10.7,A
4/13/2015,10.52,A
4/14/2015,10.46,A
4/15/2015,10.92,A
4/16/2015,12.01,A
4/17/2015,12.51,A
4/18/2015,12.66,A
4/19/2015,12.89,A
4/20/2015,13.08,A
4/21/2015,13.68,A
4/22/2015,14.09,A
4/23/2015,14.7,A
4/24/2015,15.31,A
4/25/2015,15.89,A
4/26/2015,16.15,A
4/27/2015,16.26,A
4/28/2015,15.96,A
4/29/2015,15.54,A
4/30/2015,15.21,A
5/1/2015,14.97,A
5/2/2015,14.72,A
5/3/2015,14.15,A
5/4/2015,13.53,A
5/5/2015,12.64,A
5/6/2015,11.97,A
5/7/2015,11.54,A
5/8/2015,11.24,A
5/9/2015,10.97,A
5/10/2015,10.41,A
5/11/2015,9.81,A
5/12/2015,9.1,A
5/13/2015,8.12,A
5/14/2015,7.33,A
5/15/2015,6.54,A
5/16/2015,5.95,A
5/17/2015,5.46,A
5/18/2015,4.84,A
5/19/2015,4.29,A
5/20/2015,4.01,A
5/21/2015,3.96,A
5/22/2015,3.9,A
5/23/2015,3.78,A
5/24/2015,3.63,A
5/25/2015,3.51,A
5/26/2015,3.39,A
5/27/2015,3.4,A
5/28/2015,3.36,A
5/29/2015,3.34,A
5/30/2015,3.33,A
5/31/2015,3.31,A
6/1/2015,3.26,A
6/2/2015,3.2,A
6/3/2015,3.36,A
6/4/2015,3.53,A
6/5/2015,3.72,A
6/6/2015,3.56,A
6/7/2015,3.95,A
6/8/2015,4.19,A
6/9/2015,4.38,A
6/10/2015,4.46,A
6/11/2015,4.45,A
6/12/2015,4.47,A
6/13/2015,4.49,A
6/14/2015,4.57,A
6/15/2015,,
6/16/2015,4.59,A
6/17/2015,5.53,A
6/18/2015,5.66,A
6/19/2015,4.8,A
6/20/2015,4.65,A
6/21/2015,4.51,A
6/22/2015,4.02,A
6/23/2015,4.06,A
6/24/2015,4.89,A
6/25/2015,5.36,A
6/26/2015,5.58,A
6/27/2015,7.26,A
6/28/2015,6.58,A
6/29/2015,5.11,A
6/30/2015,4.26,A
7/1/2015,4.24,A
7/2/2015,4.88,A
7/3/2015,5.36,A
7/4/2015,5.49,A
7/5/2015,5.15,A
7/6/2015,4.26,A
7/7/2015,4.38,A
7/8/2015,4.71,A
7/9/2015,7.41,A
7/10/2015,10.04,A
7/11/2015,9.51,A
7/12/2015,7.36,A
7/13/2015,5.36,A
7/14/2015,5.5,A
7/15/2015,6.79,A
7/16/2015,6.92,A
7/17/2015,6.89,A
7/18/2015,6.98,A
7/19/2015,6.16,A
7/20/2015,4.9,A
7/21/2015,5.29,A
7/22/2015,6.32,A
7/23/2015,5.78,A
7/24/2015,4.78,A
7/25/2015,3.86,A
7/26/2015,3.55,A
7/27/2015,3.49,A
7/28/2015,3.68,A
7/29/2015,3.95,A
7/30/2015,4.01,A
7/31/2015,4.16,A
8/1/2015,4,A
8/2/2015,3.66,A
8/3/2015,3.52,A
8/4/2015,3.79,A
8/5/2015,4.6,A
8/6/2015,5.11,A
8/7/2015,4.75,A
8/8/2015,4.1,A
8/9/2015,3.55,A
8/10/2015,3.38,A
8/11/2015,3.93,A
8/12/2015,4.9,A
8/13/2015,5.17,A
8/14/2015,4.9,A
8/15/2015,4.71,A
8/16/2015,4.19,A
8/17/2015,3.5,A
8/18/2015,3.65,A
8/19/2015,4.14,A
8/20/2015,4.44,A
8/21/2015,4.17,A
8/22/2015,3.37,A
8/23/2015,2.93,A
8/24/2015,2.87,A
8/25/2015,3.02,A
8/26/2015,3.15,A
8/27/2015,4.74,A
8/28/2015,5.34,A
8/29/2015,3.87,A
8/30/2015,3.15,A
8/31/2015,3.07,A
9/1/2015,3.54,A
9/2/2015,4.04,A
9/3/2015,4.15,A
9/4/2015,4.5,A
9/5/2015,4.41,A
9/6/2015,3.49,A
9/7/2015,3.22,A
9/8/2015,3.12,A
9/9/2015,3.54,A
9/10/2015,4.39,A
9/11/2015,4.97,A
9/12/2015,4.94,A
9/13/2015,4.41,A
9/14/2015,3.33,A
9/15/2015,2.93,A
9/16/2015,3.34,A
9/17/2015,4.15,A
9/18/2015,4.05,A
9/19/2015,4.38,A
9/20/2015,3.94,A
9/21/2015,2.78,A
9/22/2015,2.37,A
9/23/2015,2.74,A
9/24/2015,4.09,A
9/25/2015,4.91,A
9/26/2015,5.54,A
9/27/2015,4.93,A
9/28/2015,3.91,A
9/29/2015,4.19,A
9/30/2015,5.86,A
10/1/2015,8.12,A
10/2/2015,9.23,A
10/3/2015,9.82,A
10/4/2015,14.11,A
10/5/2015,15.59,A
10/6/2015,15.98,A
10/7/2015,16.25,A
10/8/2015,16.47,A
10/9/2015,16.65,A
10/10/2015,16.75,A
10/11/2015,16.82,A
10/12/2015,16.87,A
10/13/2015,16.9,A
10/14/2015,16.93,A
10/15/2015,16.94,A
10/16/2015,16.88,A
10/17/2015,16.55,A
10/18/2015,15.58,A
10/19/2015,14.35,A
10/20/2015,13.08,A
10/21/2015,11.47,A
10/22/2015,10.12,A
10/23/2015,9.2,A
10/24/2015,8.27,A
10/25/2015,6.29,A
10/26/2015,4.71,A
10/27/2015,4.95,A
10/28/2015,6.24,A
10/29/2015,6.64,A
10/30/2015,7.2,A
10/31/2015,7.02,A
11/1/2015,5.67,A
11/2/2015,4.84,A
11/3/2015,8.1,A
11/4/2015,10.02,A
11/5/2015,10.94,A
11/6/2015,12.35,A
11/7/2015,13.21,A
11/8/2015,12.79,A
11/9/2015,12.36,A
11/10/2015,12.6,A
11/11/2015,13.1,A
11/12/2015,14.57,A
11/13/2015,15.26,A
11/14/2015,15.67,A
11/15/2015,16.05,A
11/16/2015,16.34,A
11/17/2015,16.54,A
11/18/2015,16.66,A
11/19/2015,16.78,A
11/20/2015,16.86,A
11/21/2015,16.93,A
11/22/2015,17.01,A
11/23/2015,17.04,A
11/24/2015,17.02,A
11/25/2015,17,A
11/26/2015,17,A
11/27/2015,17.01,A
11/28/2015,17.02,A
11/29/2015,17.03,A
11/30/2015,17.04,A
12/1/2015,17,A
12/2/2015,16.79,A
12/3/2015,16.47,A
12/4/2015,16.38,A
12/5/2015,16.32,A
12/6/2015,15.59,A
12/7/2015,14.69,A
12/8/2015,14.1,A
12/9/2015,13.48,A
12/10/2015,13.87,A
12/11/2015,13.48,A
12/12/2015,12.95,A
12/13/2015,12.46,A
12/14/2015,11.83,A
12/15/2015,11.57,A
12/16/2015,11.65,A
12/17/2015,11.68,A
12/18/2015,11.87,A
12/19/2015,11.85,A
12/20/2015,11.55,A
12/21/2015,11.27,A
12/22/2015,12.72,A
12/23/2015,12.54,A
12/24/2015,13.53,A
12/25/2015,15.25,A
12/26/2015,15.85,A
12/27/2015,16.22,A
12/28/2015,16.49,A
12/29/2015,16.71,A
12/30/2015,16.86,A
12/31/2015,17.05,A
1/1/2016,17.15,A
1/2/2016,17.2,A
1/3/2016,17.22,A
1/4/2016,17.23,A
1/5/2016,17.24,A
1/6/2016,17.24,A
1/7/2016,17.25,A
1/8/2016,17.24,A
1/9/2016,17.24,A
1/10/2016,17.23,A
1/11/2016,17.22,A
1/12/2016,17.21,A
1/13/2016,17.2,A
1/14/2016,17.18,A
1/15/2016,17.19,A
1/16/2016,17.2,A
1/17/2016,17.21,A
1/18/2016,17.23,A
1/19/2016,17.23,A
1/20/2016,17.22,A
1/21/2016,17.22,A
1/22/2016,17.24,A
1/23/2016,17.31,A
1/24/2016,17.29,A
1/25/2016,17.06,A
1/26/2016,17.01,A
1/27/2016,17.05,A
1/28/2016,17.08,A
1/29/2016,17.11,A
1/30/2016,17.13,A
1/31/2016,17.14,A
2/1/2016,17.16,A
2/2/2016,17.16,A
2/3/2016,17.08,A
2/4/2016,16.92,A
2/5/2016,16.96,A
2/6/2016,17.04,A
2/7/2016,17.14,A
2/8/2016,17.2,A
2/9/2016,17.22,A
2/10/2016,17.23,A
2/11/2016,17.24,A
2/12/2016,17.23,A
2/13/2016,17.23,A
2/14/2016,17.21,A
2/15/2016,17.21,A
2/16/2016,17.23,A
2/17/2016,17.26,A
2/18/2016,17.27,A
2/19/2016,17.27,A
2/20/2016,17.28,A
2/21/2016,17.28,A
2/22/2016,17.27,A
2/23/2016,17.27,A
2/24/2016,17.29,A
2/25/2016,17.27,A
2/26/2016,17.11,A
2/27/2016,16.9,A
2/28/2016,16.86,A
2/29/2016,16.92,A
3/1/2016,16.95,A
3/2/2016,16.99,A
3/3/2016,17,A
3/4/2016,17.02,A
3/5/2016,17.01,A
3/6/2016,17.03,A
3/7/2016,17.03,A
3/8/2016,17.03,A
3/9/2016,17.04,A
3/10/2016,17.04,A
3/11/2016,17.04,A
3/12/2016,17.04,A
3/13/2016,17.05,A
3/14/2016,17.08,A
3/15/2016,17.09,A
3/16/2016,17.03,A
3/17/2016,16.79,A
3/18/2016,16.3,A
3/19/2016,15.84,A
3/20/2016,15.3,A
3/21/2016,14.88,A
3/22/2016,14.41,A
3/23/2016,14.02,A
3/24/2016,13.7,A
3/25/2016,13.48,A
3/26/2016,13.29,A
3/27/2016,13.12,A
3/28/2016,13.15,A
3/29/2016,13.08,A
3/30/2016,12.91,A
3/31/2016,12.74,A
4/1/2016,12.63,A
4/2/2016,12.52,A
4/3/2016,12.38,A
4/4/2016,12.2,A
4/5/2016,12.13,A
4/6/2016,12.04,A
4/7/2016,12.01,A
4/8/2016,11.96,A
4/9/2016,11.87,A
4/10/2016,11.66,A
4/11/2016,11.51,A
4/12/2016,11.38,A
4/13/2016,11.36,A
4/14/2016,11.27,A
4/15/2016,11.2,A
4/16/2016,10.99,A
4/17/2016,10.03,A
4/18/2016,9.1,A
4/19/2016,8.73,A
4/20/2016,8.64,A
4/21/2016,8.57,A
4/22/2016,8.53,A
4/23/2016,8.49,A
4/24/2016,8.15,A
4/25/2016,7.75,A
4/26/2016,7.21,A
4/27/2016,6.79,A
4/28/2016,7.39,A
4/29/2016,8.77,A
4/30/2016,9.13,A
5/1/2016,8.77,A
5/2/2016,8.24,A
5/3/2016,7.77,A
5/4/2016,7.66,A
5/5/2016,8.32,A
5/6/2016,9.43,A
5/7/2016,10.5,A
5/8/2016,11.98,A
5/9/2016,13.78,A
5/10/2016,14.61,A
5/11/2016,15.24,A
5/12/2016,15.71,A
5/13/2016,16.06,A
5/14/2016,16.33,A
5/15/2016,16.55,A
5/16/2016,16.68,A
5/17/2016,16.77,A
5/18/2016,16.85,A
5/19/2016,16.9,A
5/20/2016,16.94,A
5/21/2016,16.99,A
5/22/2016,17.01,A
5/23/2016,17.01,A
5/24/2016,17.01,A
5/25/2016,17.01,A
5/26/2016,17.01,A
5/27/2016,17,A
5/28/2016,17,A
5/29/2016,17.02,A
5/30/2016,16.95,A
5/31/2016,16.58,A
6/1/2016,15.93,A
6/2/2016,15.21,A
6/3/2016,14.55,A
6/4/2016,14.01,A
6/5/2016,13.65,A
6/6/2016,13.38,A
6/7/2016,12.91,A
6/8/2016,12.59,A
6/9/2016,12.47,A
6/10/2016,12.37,A
6/11/2016,12.27,A
6/12/2016,11.95,A
6/13/2016,11.53,A
6/14/2016,11.21,A
6/15/2016,10.83,A
6/16/2016,10.3,A
6/17/2016,10.19,A
6/18/2016,10.34,A
6/19/2016,8.64,A
6/20/2016,6.44,A
6/21/2016,5.12,A
6/22/2016,5.14,A
6/23/2016,5.05,A
6/24/2016,4.59,A
6/25/2016,4.51,A
6/26/2016,4.57,A
6/27/2016,7.71,A
6/28/2016,10.49,A
6/29/2016,11.38,A
6/30/2016,11.99,A
7/1/2016,12.68,A
7/2/2016,12.75,A
7/3/2016,10.09,A
7/4/2016,7.7,A
7/5/2016,6.08,A
7/6/2016,5.92,A
7/7/2016,6.68,A
7/8/2016,6.93,A
7/9/2016,6.27,A
7/10/2016,7.97,A
7/11/2016,7.15,A
7/12/2016,8.23,A
7/13/2016,10.91,A
7/14/2016,12.22,A
7/15/2016,13.62,A
7/16/2016,14.78,A
7/17/2016,13.68,A
7/18/2016,10.63,A
7/19/2016,10.65,A
7/20/2016,10.96,A
7/21/2016,10.7,A
7/22/2016,10.55,A
7/23/2016,10.39,A
7/24/2016,8.87,A
7/25/2016,7.16,A
7/26/2016,6.36,A
7/27/2016,6.29,A
7/28/2016,6.12,A
7/29/2016,6.02,A
7/30/2016,5.41,A
7/31/2016,4.5,A
8/1/2016,4.42,A
8/2/2016,6.85,A
8/3/2016,6.92,A
8/4/2016,6.61,A
8/5/2016,6.36,A
8/6/2016,5.58,A
8/7/2016,4.52,A
8/8/2016,4.18,A
8/9/2016,4.06,A
8/10/2016,4.41,A
8/11/2016,9.17,A
8/12/2016,11.5,A
8/13/2016,8.77,A
8/14/2016,5.87,A
8/15/2016,4.88,A
8/16/2016,5.83,A
8/17/2016,7.25,A
8/18/2016,8.12,A
8/19/2016,6.8,A
8/20/2016,5.87,A
8/21/2016,5.43,A
8/22/2016,4.31,A
8/23/2016,5.51,A
8/24/2016,7.63,A
8/25/2016,7.9,A
8/26/2016,6.63,A
8/27/2016,6.59,A
8/28/2016,6.26,A
8/29/2016,4.67,A
8/30/2016,4.36,A
8/31/2016,6.4,A
9/1/2016,7.47,A
9/2/2016,6.19,A
9/3/2016,5.69,A
9/4/2016,5.39,A
9/5/2016,4.77,A
9/6/2016,4.47,A
9/7/2016,4.45,A
9/8/2016,4.9,A
9/9/2016,5.72,A
9/10/2016,5.99,A
9/11/2016,5.4,A
9/12/2016,4.52,A
9/13/2016,4.44,A
9/14/2016,5.09,A
9/15/2016,5.22,A
9/16/2016,4.72,A
9/17/2016,3.94,A
9/18/2016,3.58,A
9/19/2016,3.58,A
9/20/2016,4.68,A
9/21/2016,6.73,A
9/22/2016,10.02,A
9/23/2016,12.13,A
9/24/2016,12.03,A
9/25/2016,10.19,A
9/26/2016,8.21,A
9/27/2016,7.59,A
9/28/2016,7.67,A
9/29/2016,7.57,A
9/30/2016,7.47,A
10/1/2016,7.33,A
10/2/2016,6.52,A
10/3/2016,5.49,A
10/4/2016,5.23,A
10/5/2016,5.94,A
10/6/2016,6.32,A
10/7/2016,6.54,A
10/8/2016,7.12,A
10/9/2016,15.51,A
10/10/2016,16.97,A
10/11/2016,17.32,A
10/12/2016,17.46,A
10/13/2016,17.52,A
10/14/2016,17.36,A
10/15/2016,17,A
10/16/2016,17,A
10/17/2016,17.1,A
10/18/2016,17.19,A
10/19/2016,17.25,A
10/20/2016,17.31,A
10/21/2016,17.36,A
10/22/2016,17.41,A
10/23/2016,17.45,A
10/24/2016,17.47,A
10/25/2016,17.46,A
10/26/2016,17.32,A
10/27/2016,16.88,A
10/28/2016,16.02,A
10/29/2016,14.82,A
10/30/2016,12.58,A
10/31/2016,10.48,A
11/1/2016,9.64,A
11/2/2016,9.2,A
11/3/2016,8.77,A
11/4/2016,8.54,A
11/5/2016,8.93,A
11/6/2016,8.59,A
11/7/2016,7.33,A
11/8/2016,5.98,A
11/9/2016,5.3,A
11/10/2016,7.32,A
11/11/2016,7.62,A
11/12/2016,5.82,A
11/13/2016,4.5,A
11/14/2016,4.01,A
11/15/2016,4.53,A
11/16/2016,5.23,A
11/17/2016,5.27,A
11/18/2016,4.66,A
11/19/2016,4.36,A
11/20/2016,3.94,A
11/21/2016,3.43,A
11/22/2016,3.48,A
11/23/2016,4.4,A
11/24/2016,4.66,A
11/25/2016,4.52,A
11/26/2016,4.74,A
11/27/2016,4.37,A
11/28/2016,3.68,A
11/29/2016,3.69,A
11/30/2016,3.72,A
12/1/2016,3.61,A
12/2/2016,3.42,A
12/3/2016,3.21,A
12/4/2016,3.16,A
12/5/2016,3.36,A
12/6/2016,3.55,A
12/7/2016,3.51,A
12/8/2016,4.59,A
12/9/2016,5.69,A
12/10/2016,5.83,A
12/11/2016,7.08,A
12/12/2016,7.37,A
12/13/2016,7.76,A
12/14/2016,8.11,A
12/15/2016,7.86,A
12/16/2016,7.8,A
12/17/2016,7.9,A
12/18/2016,6.5,A
12/19/2016,5.37,A
12/20/2016,5.55,A
12/21/2016,6.27,A
12/22/2016,6.46,A
12/23/2016,6.79,A
12/24/2016,6.7,A
12/25/2016,5.34,A
12/26/2016,4.08,A
12/27/2016,3.5,A
12/28/2016,3.79,A
12/29/2016,4.46,A
12/30/2016,4.87,A
12/31/2016,4.88,A
1/1/2017,4.73,A
1/2/2017,4.73,A
1/3/2017,5.12,A
1/4/2017,5.35,A
1/5/2017,5.37,A
1/6/2017,6.9,A
1/7/2017,9.43,A
1/8/2017,11.17,A
1/9/2017,11.5,A
1/10/2017,11.62,A
1/11/2017,11.69,A
1/12/2017,9.86,A
1/13/2017,8.13,A
1/14/2017,7.43,A
1/15/2017,10.13,A
1/16/2017,11.58,A
1/17/2017,11.61,A
1/18/2017,9.86,A
1/19/2017,8.52,A
1/20/2017,8.66,A
1/21/2017,9.09,A
1/22/2017,7.96,A
1/23/2017,6.99,A
1/24/2017,7.11,A
1/25/2017,7.9,A
1/26/2017,8.59,A
1/27/2017,9.71,A
1/28/2017,12.41,A
1/29/2017,15.22,A
1/30/2017,15.85,A
1/31/2017,16.24,A
2/1/2017,16.56,A
2/2/2017,16.84,A
2/3/2017,17.01,A
2/4/2017,17.08,A
2/5/2017,16.57,A
2/6/2017,15.03,A
2/7/2017,13.18,A
2/8/2017,11.47,A
2/9/2017,10.19,A
2/10/2017,9.28,A
2/11/2017,8.66,A
2/12/2017,7.32,A
2/13/2017,6.34,A
2/14/2017,5.68,A
2/15/2017,5.59,A
2/16/2017,5.43,A
2/17/2017,5.2,A
2/18/2017,4.99,A
2/19/2017,4.64,A
2/20/2017,4.06,A
2/21/2017,3.74,A
2/22/2017,3.63,A
2/23/2017,3.78,A
2/24/2017,4.14,A
2/25/2017,4.33,A
2/26/2017,4.03,A
2/27/2017,3.5,A
2/28/2017,3.26,A
3/1/2017,3.23,A
3/2/2017,3.42,A
3/3/2017,3.19,A
3/4/2017,2.87,A
3/5/2017,2.98,A
3/6/2017,2.93,A
3/7/2017,2.95,A
3/8/2017,3.03,A
3/9/2017,2.97,A
3/10/2017,2.8,A
3/11/2017,2.8,A
3/12/2017,2.94,A
3/13/2017,3.03,A
3/14/2017,3.31,A
3/15/2017,3.93,A
3/16/2017,4.17,A
3/17/2017,4.11,A
3/18/2017,3.97,A
3/19/2017,3.92,A
3/20/2017,3.64,A
3/21/2017,3.59,A
3/22/2017,3.73,A
3/23/2017,3.51,A
3/24/2017,3.38,A
3/25/2017,3.56,A
3/26/2017,3.63,A
3/27/2017,3.51,A
3/28/2017,3.6,A
3/29/2017,3.86,A
3/30/2017,3.91,A
3/31/2017,4.1,A
4/1/2017,4.92,A
4/2/2017,5.91,A
4/3/2017,6.02,A
4/4/2017,5.94,A
4/5/2017,5.96,A
4/6/2017,6.42,A
4/7/2017,6.81,A
4/8/2017,7.31,A
4/9/2017,9.22,A
4/10/2017,10.31,A
4/11/2017,10.72,A
4/12/2017,10.9,A
4/13/2017,10.93,A
4/14/2017,10.96,A
4/15/2017,10.83,A
4/16/2017,9.8,A
4/17/2017,8.93,A
4/18/2017,8.55,A
4/19/2017,8.35,A
4/20/2017,8.2,A
4/21/2017,8.1,A
4/22/2017,8.09,A
4/23/2017,8.21,A
4/24/2017,8.41,A
4/25/2017,9.97,A
4/26/2017,14.11,A
4/27/2017,15.38,A
4/28/2017,16.1,A
4/29/2017,16.62,A
4/30/2017,16.99,A
5/1/2017,17.18,A
5/2/2017,17.34,A
5/3/2017,17.5,A
5/4/2017,17.66,A
5/5/2017,17.78,A
5/6/2017,17.84,A
5/7/2017,17.85,A
5/8/2017,17.86,A
5/9/2017,17.86,A
5/10/2017,17.86,A
5/11/2017,17.86,A
5/12/2017,17.86,A
5/13/2017,17.85,A
5/14/2017,17.78,A
5/15/2017,17.66,A
5/16/2017,17.48,A
5/17/2017,17.14,A
5/18/2017,16.61,A
5/19/2017,15.99,A
5/20/2017,15.43,A
5/21/2017,15.07,A
5/22/2017,14.76,A
5/23/2017,14.58,A
5/24/2017,14.57,A
5/25/2017,15.13,A
5/26/2017,15.87,A
5/27/2017,16.4,A
5/28/2017,16.78,A
5/29/2017,16.98,A
5/30/2017,17.1,A
5/31/2017,17.19,A
6/1/2017,17.28,A
6/2/2017,17.35,A
6/3/2017,17.42,A
6/4/2017,17.46,A
6/5/2017,17.51,A
6/6/2017,17.55,A
6/7/2017,17.54,A
6/8/2017,17.46,A
6/9/2017,17.24,A
6/10/2017,16.71,A
6/11/2017,15.71,A
6/12/2017,14.45,A
6/13/2017,13.16,A
6/14/2017,12.05,A
6/15/2017,11.29,A
6/16/2017,10.63,A
6/17/2017,10.53,A
6/18/2017,9.05,A
6/19/2017,7.32,A
6/20/2017,8.11,A
6/21/2017,9.93,A
6/22/2017,13.63,A
6/23/2017,15.02,A
6/24/2017,15.42,A
6/25/2017,15.57,A
6/26/2017,15.45,A
6/27/2017,15.36,A
6/28/2017,15.35,A
6/29/2017,15.35,A
6/30/2017,15.36,A
7/1/2017,14.99,A
7/2/2017,12.52,A
7/3/2017,9.81,A
7/4/2017,8.09,A
7/5/2017,7.15,A
7/6/2017,6.33,A
7/7/2017,5.6,A
7/8/2017,5.12,A
7/9/2017,4.85,A
7/10/2017,4.36,A
7/11/2017,4.31,A
7/12/2017,5.43,A
7/13/2017,6.13,A
7/14/2017,7.23,A
7/15/2017,7.65,A
7/16/2017,6.01,A
7/17/2017,4.64,A
7/18/2017,4.54,A
7/19/2017,4.69,A
7/20/2017,4.46,A
7/21/2017,4.66,A
7/22/2017,4.7,A
7/23/2017,4.39,A
7/24/2017,4.02,A
7/25/2017,4.16,A
7/26/2017,4.75,A
7/27/2017,4.57,A
7/28/2017,4.56,A
7/29/2017,5.45,A
7/30/2017,5.53,A
7/31/2017,4.62,A
8/1/2017,4.54,A
8/2/2017,5.16,A
8/3/2017,5.28,A
8/4/2017,5.34,A
8/5/2017,5.21,A
8/6/2017,4.75,A
8/7/2017,3.97,A
8/8/2017,3.86,A
8/9/2017,4.34,A
8/10/2017,4.77,A
8/11/2017,5.21,A
8/12/2017,5.12,A
8/13/2017,4.9,A
8/14/2017,5.5,A
8/15/2017,6.03,A
8/16/2017,6.16,A
8/17/2017,6.08,A
8/18/2017,6.1,A
8/19/2017,6.05,A
8/20/2017,5.43,A
8/21/2017,4.57,A
8/22/2017,4.42,A
8/23/2017,5.17,A
8/24/2017,5.75,A
8/25/2017,5.86,A
8/26/2017,5.45,A
8/27/2017,4.66,A
8/28/2017,3.98,A
8/29/2017,4.43,A
8/30/2017,4.85,A
8/31/2017,5.46,A
9/1/2017,5.66,A
9/2/2017,5.42,A
9/3/2017,4.89,A
9/4/2017,4.49,A
9/5/2017,4.31,A
9/6/2017,4.65,A
9/7/2017,5.52,A
9/8/2017,5.49,A
9/9/2017,5.35,A
9/10/2017,4.71,A
9/11/2017,3.99,A
9/12/2017,4.23,A
9/13/2017,4.93,A
9/14/2017,5.14,A
9/15/2017,5.5,A
9/16/2017,5.86,A
9/17/2017,5.2,A
9/18/2017,4.13,A
9/19/2017,3.6,A
9/20/2017,4.09,A
9/21/2017,4.69,A
9/22/2017,5.53,A
9/23/2017,5.77,A
9/24/2017,4.75,A
9/25/2017,3.64,A
9/26/2017,3.41,A
9/27/2017,3.73,A
9/28/2017,4.11,A
9/29/2017,4.74,A
9/30/2017,4.53,A
10/1/2017,3.92,A
10/2/2017,3.3,A
10/3/2017,3.46,A
10/4/2017,3.55,A
10/5/2017,3.32,A
10/6/2017,3.31,A
10/7/2017,3.35,A
10/8/2017,3.41,A
10/9/2017,3.51,A
10/10/2017,3.74,A
10/11/2017,3.78,A
10/12/2017,3.93,A
10/13/2017,4.04,A
10/14/2017,3.68,A
10/15/2017,3.54,A
10/16/2017,3.4,A
10/17/2017,3.35,A
10/18/2017,3.93,A
10/19/2017,3.97,A
10/20/2017,3.56,A
10/21/2017,3.18,A
10/22/2017,2.98,A
10/23/2017,2.99,A
10/24/2017,3.27,A
10/25/2017,3.71,A
10/26/2017,3.75,A
10/27/2017,4.09,A
10/28/2017,3.96,A
10/29/2017,3.57,A
10/30/2017,3.18,A
10/31/2017,3.3,A
11/1/2017,4.48,A
11/2/2017,4.19,A
11/3/2017,3.37,A
11/4/2017,3.13,A
11/5/2017,2.9,A
11/6/2017,2.97,A
11/7/2017,3.14,A
11/8/2017,2.97,A
11/9/2017,2.9,A
11/10/2017,3.03,A
11/11/2017,2.95,A
11/12/2017,2.78,A
11/13/2017,2.9,A
11/14/2017,2.81,A
11/15/2017,2.64,A
11/16/2017,2.7,A
11/17/2017,2.91,A
11/18/2017,2.95,A
11/19/2017,2.99,A
11/20/2017,2.81,A
11/21/2017,2.71,A
11/22/2017,2.72,A
11/23/2017,2.59,A
11/24/2017,2.53,A
11/25/2017,2.49,A
11/26/2017,2.62,A
11/27/2017,2.63,A
11/28/2017,3.4,A
11/29/2017,3.31,A
11/30/2017,2.96,A
12/1/2017,2.89,A
12/2/2017,2.81,A
12/3/2017,2.85,A
12/4/2017,2.79,A
12/5/2017,2.86,A
12/6/2017,3.05,A
12/7/2017,2.93,A
12/8/2017,3.7,A
12/9/2017,4.87,A
12/10/2017,4.79,A
12/11/2017,4.11,A
12/12/2017,3.7,A
12/13/2017,3.32,A
12/14/2017,4.08,A
12/15/2017,5.07,A
12/16/2017,4.53,A
12/17/2017,3.56,A
12/18/2017,2.93,A
12/19/2017,2.66,A
12/20/2017,2.65,A
12/21/2017,2.65,A
12/22/2017,2.58,A
12/23/2017,2.69,A
12/24/2017,2.93,A
12/25/2017,2.56,A
12/26/2017,2.31,A
12/27/2017,2.35,A
12/28/2017,2.27,A
12/29/2017,2.03,A
12/30/2017,2.13,A
12/31/2017,2.26,A
1/1/2018,1.98,A
1/2/2018,1.71,A
1/3/2018,1.86,A
1/4/2018,1.83,A
1/5/2018,1.44,A
1/6/2018,1.68,A
1/7/2018,1.86,A
1/8/2018,1.96,A
1/9/2018,2.13,A
1/10/2018,2.15,A
1/11/2018,2.19,A
1/12/2018,2.53,A
1/13/2018,3.66,A
1/14/2018,4.43,A
1/15/2018,3.97,A
1/16/2018,3.4,A
1/17/2018,3.2,A
1/18/2018,2.96,A
1/19/2018,2.74,A
1/20/2018,2.91,A
1/21/2018,2.93,A
1/22/2018,2.84,A
1/23/2018,2.81,A
1/24/2018,2.86,A
1/25/2018,2.72,A
1/26/2018,2.62,A
1/27/2018,2.61,A
1/28/2018,2.62,A
1/29/2018,3.01,A
1/30/2018,3.59,A
1/31/2018,4.21,A
2/1/2018,6.53,A
2/2/2018,5.4,A
2/3/2018,4.75,A
2/4/2018,4.73,A
2/5/2018,4.05,A
2/6/2018,3.67,A
2/7/2018,3.82,A
2/8/2018,4.02,A
2/9/2018,4.11,A
2/10/2018,3.84,A
2/11/2018,4.04,A
2/12/2018,3.63,A
2/13/2018,3.42,A
2/14/2018,4.56,A
2/15/2018,4.15,A
2/16/2018,3.44,A
2/17/2018,3.32,A
2/18/2018,4.24,A
2/19/2018,5.35,A
2/20/2018,7.37,A
2/21/2018,7.59,A
2/22/2018,6.01,A
2/23/2018,5.25,A
2/24/2018,6.94,A
2/25/2018,5.84,A
2/26/2018,4.52,A
2/27/2018,4.47,A
2/28/2018,6.52,A
3/1/2018,6.12,A
3/2/2018,6.98,A
3/3/2018,7.39,A
3/4/2018,8.66,A
3/5/2018,9.84,A
3/6/2018,12.72,A
3/7/2018,12.46,A
3/8/2018,11.36,A
3/9/2018,9.44,A
3/10/2018,7.95,A
3/11/2018,6.29,A
3/12/2018,4.86,A
3/13/2018,3.97,A
3/14/2018,3.88,A
3/15/2018,3.64,A
3/16/2018,3.75,A
3/17/2018,3.68,A
3/18/2018,3.74,A
3/19/2018,3.67,A
3/20/2018,3.95,A
3/21/2018,4.55,A
3/22/2018,4.68,A
3/23/2018,4.65,A
3/24/2018,4.57,A
3/25/2018,5.37,A
3/26/2018,6.04,A
3/27/2018,6.02,A
3/28/2018,6.11,A
3/29/2018,7.44,A
3/30/2018,8.33,A
3/31/2018,8.83,A
4/1/2018,9.79,A
4/2/2018,10.31,A
4/3/2018,10.5,A
4/4/2018,10.57,A
4/5/2018,10.59,A
4/6/2018,10.57,A
4/7/2018,10.83,A
4/8/2018,12.09,A
4/9/2018,12.73,A
4/10/2018,12.98,A
4/11/2018,13.1,A
4/12/2018,13.14,A
4/13/2018,13.14,A
4/14/2018,12.99,A
4/15/2018,11.93,A
4/16/2018,10.42,A
4/17/2018,9.39,A
4/18/2018,8.96,A
4/19/2018,9.94,A
4/20/2018,11.01,A
4/21/2018,11.43,A
4/22/2018,11.41,A
4/23/2018,11.32,A
4/24/2018,11.46,A
4/25/2018,12.15,A
4/26/2018,13.39,A
4/27/2018,14.12,A
4/28/2018,14.4,A
4/29/2018,15.22,A
4/30/2018,15.78,A
5/1/2018,16.14,A
5/2/2018,16.43,A
5/3/2018,16.66,A
5/4/2018,16.81,A
5/5/2018,16.9,A
5/6/2018,16.94,A
5/7/2018,16.88,A
5/8/2018,16.71,A
5/9/2018,16.47,A
5/10/2018,15.75,A
5/11/2018,14.84,A
5/12/2018,13.88,A
5/13/2018,12.51,A
5/14/2018,11.15,A
5/15/2018,10.13,A
5/16/2018,9.47,A
5/17/2018,9.53,A
5/18/2018,10.43,A
5/19/2018,11.14,A
5/20/2018,13.71,A
5/21/2018,14.94,A
5/22/2018,15.41,A
5/23/2018,16.04,A
5/24/2018,16.54,A
5/25/2018,16.91,A
5/26/2018,17.11,A
5/27/2018,17.25,A
5/28/2018,17.44,A
5/29/2018,17.66,A
5/30/2018,17.76,A
5/31/2018,17.76,A
6/1/2018,17.71,A
6/2/2018,17.61,A
6/3/2018,17.48,A
6/4/2018,17.3,A
6/5/2018,17.04,A
6/6/2018,16.48,A
6/7/2018,15.64,A
6/8/2018,14.77,A
6/9/2018,13.9,A
6/10/2018,12.42,A
6/11/2018,10.67,A
6/12/2018,9.31,A
6/13/2018,8.38,A
6/14/2018,7.75,A
6/15/2018,7.28,A
6/16/2018,6.84,A
6/17/2018,5.93,A
6/18/2018,5.13,A
6/19/2018,5.18,A
6/20/2018,6.8,A
6/21/2018,7.59,A
6/22/2018,7.7,A
6/23/2018,7.15,A
6/24/2018,5.83,A
6/25/2018,4.96,A
6/26/2018,4.55,A
6/27/2018,6.03,A
6/28/2018,7.11,A
6/29/2018,6.15,A
6/30/2018,6.02,A
7/1/2018,5.58,A
7/2/2018,4.38,A
7/3/2018,7.86,A
7/4/2018,10.6,A
7/5/2018,10.47,A
7/6/2018,10.83,A
7/7/2018,9.92,A
7/8/2018,7.3,A
7/9/2018,4.91,A
7/10/2018,4.29,A
7/11/2018,5.18,A
7/12/2018,4.94,A
7/13/2018,4.07,A
7/14/2018,3.63,A
7/15/2018,3.54,A
7/16/2018,3.41,A
7/17/2018,4.99,A
7/18/2018,6.44,A
7/19/2018,5.49,A
7/20/2018,4.11,A
7/21/2018,3.71,A
7/22/2018,3.65,A
7/23/2018,3.9,A
7/24/2018,4.73,A
7/25/2018,5.22,A
7/26/2018,4.92,A
7/27/2018,4.95,A
7/28/2018,5.68,A
7/29/2018,5.99,A
7/30/2018,6.05,A
7/31/2018,7.67,A
8/1/2018,10.18,A
8/2/2018,11.57,A
8/3/2018,11.9,A
8/4/2018,13.56,A
8/5/2018,14.74,A
8/6/2018,15.19,A
8/7/2018,15.51,A
8/8/2018,15.75,A
8/9/2018,15.91,A
8/10/2018,15.89,A
8/11/2018,15.11,A
8/12/2018,12.92,A
8/13/2018,11.91,A
8/14/2018,12.62,A
8/15/2018,12.73,A
8/16/2018,12.77,A
8/17/2018,13.59,A
8/18/2018,13.65,A
8/19/2018,11.61,A
8/20/2018,9.79,A
8/21/2018,8.93,A
8/22/2018,10.23,A
8/23/2018,11.19,A
8/24/2018,9.48,A
8/25/2018,6.95,A
8/26/2018,5.26,A
8/27/2018,4.66,A
8/28/2018,4.34,A
8/29/2018,7.05,A
8/30/2018,8.66,A
8/31/2018,8.36,A
9/1/2018,6.59,A
9/2/2018,4.63,A
9/3/2018,3.7,A
9/4/2018,3.41,A
9/5/2018,3.91,A
9/6/2018,5.61,A
9/7/2018,5.48,A
9/8/2018,4.53,A
9/9/2018,4.21,A
9/10/2018,3.79,A
9/11/2018,3.99,A
9/12/2018,5.67,A
9/13/2018,9.01,A
9/14/2018,9.54,A
9/15/2018,8.04,A
9/16/2018,6.94,A
9/17/2018,6.64,A
9/18/2018,8.94,A
9/19/2018,12.76,A
9/20/2018,14.52,A
9/21/2018,15.26,A
9/22/2018,15.67,A
9/23/2018,16.09,A
9/24/2018,16.47,A
9/25/2018,16.79,A
9/26/2018,16.99,A
9/27/2018,17.09,A
9/28/2018,17.16,A
9/29/2018,17.22,A
9/30/2018,17.31,A
10/1/2018,17.39,A
10/2/2018,17.47,A
10/3/2018,17.55,A
10/4/2018,17.61,A
10/5/2018,17.65,A
10/6/2018,17.67,A
10/7/2018,17.68,A
10/8/2018,17.67,A
10/9/2018,17.65,A
10/10/2018,17.6,A
10/11/2018,17.53,A
10/12/2018,17.44,A
10/13/2018,17.27,A
10/14/2018,17.01,A
10/15/2018,16.53,A
10/16/2018,16,A
10/17/2018,16.3,A
10/18/2018,16.76,A
10/19/2018,17.02,A
10/20/2018,17.2,A
10/21/2018,17.37,A
10/22/2018,17.55,A
10/23/2018,17.7,A
10/24/2018,17.78,A
10/25/2018,17.82,A
10/26/2018,17.87,A
10/27/2018,17.91,A
10/28/2018,17.9,A
10/29/2018,17.9,A
10/30/2018,17.89,A
10/31/2018,17.89,A
11/1/2018,17.87,A
11/2/2018,17.83,A
11/3/2018,17.75,A
11/4/2018,17.65,A
11/5/2018,17.57,A
11/6/2018,17.49,A
11/7/2018,17.4,A
11/8/2018,17.3,A
11/9/2018,17.14,A
11/10/2018,16.96,A
11/11/2018,16.88,A
11/12/2018,16.9,A
11/13/2018,17.01,A
11/14/2018,17.06,A
11/15/2018,17.13,A
11/16/2018,17.21,A
11/17/2018,17.28,A
11/18/2018,17.35,A
11/19/2018,17.43,A
11/20/2018,17.53,A
11/21/2018,17.62,A
11/22/2018,17.69,A
11/23/2018,17.76,A
11/24/2018,17.83,A
11/25/2018,17.88,A
11/26/2018,17.91,A
11/27/2018,17.93,A
11/28/2018,17.94,A
11/29/2018,17.94,A
11/30/2018,17.95,A
12/1/2018,17.95,A
12/2/2018,17.98,A
12/3/2018,17.97,A
12/4/2018,17.96,A
12/5/2018,17.94,A
12/6/2018,17.9,A
12/7/2018,17.82,A
12/8/2018,17.7,A
12/9/2018,17.57,A
12/10/2018,17.32,A
12/11/2018,16.81,A
12/12/2018,16.18,A
12/13/2018,15.88,A
12/14/2018,15.77,A
12/15/2018,15.8,A
12/16/2018,16.18,A
12/17/2018,16.49,A
12/18/2018,16.69,A
12/19/2018,16.81,A
12/20/2018,16.89,A
12/21/2018,16.98,A
12/22/2018,17.05,A
12/23/2018,17.15,A
12/24/2018,17.25,A
12/25/2018,17.35,A
12/26/2018,17.48,A
12/27/2018,17.61,A
12/28/2018,17.7,A
12/29/2018,17.77,A
12/30/2018,17.79,A
12/31/2018,17.81,A
1/1/2019,17.83,A
1/2/2019,17.85,A
1/3/2019,17.87,A
1/4/2019,17.88,A
1/5/2019,17.88,A
1/6/2019,17.88,A
1/7/2019,17.88,A
1/8/2019,17.88,A
1/9/2019,17.88,A
1/10/2019,17.88,A
1/11/2019,17.87,A
1/12/2019,17.87,A
1/13/2019,17.89,A
1/14/2019,17.89,A
1/15/2019,17.87,A
1/16/2019,17.85,A
1/17/2019,17.81,A
1/18/2019,17.75,A
1/19/2019,17.66,A
1/20/2019,17.57,A
1/21/2019,17.46,A
1/22/2019,17.34,A
1/23/2019,17.25,A
1/24/2019,17.2,A
1/25/2019,17.16,A
1/26/2019,17.13,A
1/27/2019,17.1,A
1/28/2019,17.05,A
1/29/2019,17.01,A
1/30/2019,16.97,A
1/31/2019,16.94,A
2/1/2019,16.91,A
2/2/2019,16.89,A
2/3/2019,16.94,A
2/4/2019,17.02,A
2/5/2019,17.09,A
2/6/2019,17.13,A
2/7/2019,17.16,A
2/8/2019,17.2,A
2/9/2019,17.22,A
2/10/2019,17.23,A
2/11/2019,17.19,A
2/12/2019,16.89,A
2/13/2019,16.07,A
2/14/2019,14.95,A
2/15/2019,13.92,A
2/16/2019,12.77,A
2/17/2019,11.66,A
2/18/2019,12.82,A
2/19/2019,15.17,A
2/20/2019,15.73,A
2/21/2019,15.91,A
2/22/2019,15.88,A
2/23/2019,16.27,A
2/24/2019,16.8,A
2/25/2019,17.05,A
2/26/2019,17.18,A
2/27/2019,17.29,A
2/28/2019,17.39,A
3/1/2019,17.51,A
3/2/2019,17.63,A
3/3/2019,17.71,A
3/4/2019,17.77,A
3/5/2019,17.79,A
3/6/2019,17.81,A
3/7/2019,17.81,A
3/8/2019,17.82,A
3/9/2019,17.81,A
3/10/2019,17.82,A
3/11/2019,17.81,A
3/12/2019,17.81,A
3/13/2019,17.81,A
3/14/2019,17.8,A
3/15/2019,17.77,A
3/16/2019,17.72,A
3/17/2019,17.66,A
3/18/2019,17.59,A
3/19/2019,17.49,A
3/20/2019,17.33,A
3/21/2019,17.11,A
3/22/2019,16.84,A
3/23/2019,16.54,A
3/24/2019,15.92,A
3/25/2019,14.94,A
3/26/2019,14.18,A
3/27/2019,13.58,A
3/28/2019,13.02,A
3/29/2019,12.54,A
3/30/2019,12.93,A
3/31/2019,14.79,A
4/1/2019,15.41,A
4/2/2019,15.81,A
4/3/2019,16.11,A
4/4/2019,16.31,A
4/5/2019,16.44,A
4/6/2019,16.54,A
4/7/2019,16.51,A
4/8/2019,16.21,A
4/9/2019,15.62,A
4/10/2019,15.3,A
4/11/2019,15.33,A
4/12/2019,15.33,A
4/13/2019,15.29,A
4/14/2019,14.86,A
4/15/2019,13.89,A
4/16/2019,12.98,A
4/17/2019,12.7,A
4/18/2019,13.75,A
4/19/2019,14.2,A
4/20/2019,14.65,A
4/21/2019,15.13,A
4/22/2019,15.44,A
4/23/2019,15.64,A
4/24/2019,15.76,A
4/25/2019,15.82,A
4/26/2019,15.87,A
4/27/2019,15.89,A
4/28/2019,15.71,A
4/29/2019,15.46,A
4/30/2019,15.27,A
5/1/2019,15.11,A
5/2/2019,14.98,A
5/3/2019,14.89,A
5/4/2019,14.79,A
5/5/2019,14.48,A
5/6/2019,13.76,A
5/7/2019,12.68,A
5/8/2019,11.33,A
5/9/2019,10.3,A
5/10/2019,10.28,A
5/11/2019,10.76,A
5/12/2019,11.15,A
5/13/2019,11.35,A
5/14/2019,11.38,A
5/15/2019,11.35,A
5/16/2019,11.33,A
5/17/2019,11.31,A
5/18/2019,11.26,A
5/19/2019,10.79,A
5/20/2019,10.41,A
5/21/2019,10.24,A
5/22/2019,10.15,A
5/23/2019,10.29,A
5/24/2019,10.45,A
5/25/2019,10.15,A
5/26/2019,9.52,A
5/27/2019,8.68,A
5/28/2019,7.68,A
5/29/2019,7.01,A
5/30/2019,6.68,A
5/31/2019,6.61,A
6/1/2019,6.72,A
6/2/2019,6.31,A
6/3/2019,5.91,A
6/4/2019,5.63,A
6/5/2019,5.51,A
6/6/2019,5.65,A
6/7/2019,5.74,A
6/8/2019,5.84,A
6/9/2019,6.19,A
6/10/2019,7.19,A
6/11/2019,9.15,A
6/12/2019,10.28,A
6/13/2019,10.97,A
6/14/2019,12.35,A
6/15/2019,13.56,A
6/16/2019,14.95,A
6/17/2019,15.49,A
6/18/2019,15.86,A
6/19/2019,16.19,A
6/20/2019,16.5,A
6/21/2019,16.71,A
6/22/2019,16.82,A
6/23/2019,16.9,A
6/24/2019,16.94,A
6/25/2019,16.96,A
6/26/2019,16.95,A
6/27/2019,16.87,A
6/28/2019,16.58,A
6/29/2019,15.83,A
6/30/2019,14.41,A
7/1/2019,12.92,A
7/2/2019,11.61,A
7/3/2019,10.64,A
7/4/2019,9.76,A
7/5/2019,8.76,A
7/6/2019,8.32,A
7/7/2019,7.92,A
7/8/2019,8.18,A
7/9/2019,8.31,A
7/10/2019,7.86,A
7/11/2019,7.17,A
7/12/2019,6.96,A
7/13/2019,6.98,A
7/14/2019,8.03,A
7/15/2019,7.42,A
7/16/2019,8.27,A
7/17/2019,9.08,A
7/18/2019,9.39,A
7/19/2019,9.57,A
7/20/2019,9.46,A
7/21/2019,8.14,A
7/22/2019,6.6,A
7/23/2019,5.96,A
7/24/2019,6.4,A
7/25/2019,6.43,A
7/26/2019,5.96,A
7/27/2019,5.58,A
7/28/2019,4.69,A
7/29/2019,4.29,A
7/30/2019,6,A
7/31/2019,7.56,A
8/1/2019,9.3,A
8/2/2019,9.99,A
8/3/2019,9.29,A
8/4/2019,6.77,A
8/5/2019,5.11,A
8/6/2019,4.98,A
8/7/2019,5.64,A
8/8/2019,6.08,A
8/9/2019,6.11,A
8/10/2019,5.77,A
8/11/2019,4.86,A
8/12/2019,4.01,A
8/13/2019,4.86,A
8/14/2019,7.25,A
8/15/2019,7.11,A
8/16/2019,5.97,A
8/17/2019,5.01,A
8/18/2019,4.37,A
8/19/2019,4.06,A
8/20/2019,4.48,A
8/21/2019,5.49,A
8/22/2019,5.53,A
8/23/2019,4.75,A
8/24/2019,5.2,A
8/25/2019,5.09,A
8/26/2019,4.06,A
8/27/2019,3.63,A
8/28/2019,3.43,A
8/29/2019,3.82,A
8/30/2019,4.4,A
8/31/2019,4.21,A
9/1/2019,3.89,A
9/2/2019,3.73,A
9/3/2019,3.84,A
9/4/2019,5.55,A
9/5/2019,7.84,A
9/6/2019,8.97,A
9/7/2019,8.25,A
9/8/2019,6.49,A
9/9/2019,5.44,A
9/10/2019,4.97,A
9/11/2019,4.53,A
9/12/2019,4.15,A
9/13/2019,4.08,A
9/14/2019,4.15,A
9/15/2019,4.05,A
9/16/2019,3.86,A
9/17/2019,4.72,A
9/18/2019,4.83,A
9/19/2019,3.57,A
9/20/2019,3.23,A
9/21/2019,3.41,A
9/22/2019,4.17,A
9/23/2019,4.38,A
9/24/2019,5.14,A
9/25/2019,5.18,A
9/26/2019,4.66,A
9/27/2019,4.81,A
9/28/2019,4.71,A
9/29/2019,4.02,A
9/30/2019,3.18,A
10/1/2019,2.83,A
10/2/2019,2.87,A
10/3/2019,3.58,A
10/4/2019,4.15,A
10/5/2019,4.04,A
10/6/2019,3.44,A
10/7/2019,3.21,A
10/8/2019,3.19,A
10/9/2019,2.77,A
10/10/2019,2.47,A
10/11/2019,2.54,A
10/12/2019,2.92,A
10/13/2019,3.35,A
10/14/2019,3.55,A
10/15/2019,3.99,A
10/16/2019,4.64,A
10/17/2019,4.17,A
10/18/2019,3.25,A
10/19/2019,3.32,A
10/20/2019,3.65,A
10/21/2019,3.9,A
10/22/2019,4.58,A
10/23/2019,3.86,A
10/24/2019,3.4,A
10/25/2019,3.2,A
10/26/2019,3.2,A
10/27/2019,3.16,A
10/28/2019,3.19,A
10/29/2019,2.97,A
10/30/2019,3.09,A
10/31/2019,3.21,A
11/1/2019,3.35,A
11/2/2019,3.41,A
11/3/2019,5.02,A
11/4/2019,7.29,A
11/5/2019,8.24,A
11/6/2019,9.74,A
11/7/2019,12.27,A
11/8/2019,13.09,A
11/9/2019,13.05,A
11/10/2019,12.31,A
11/11/2019,11.89,A
11/12/2019,11.77,A
11/13/2019,11.81,A
11/14/2019,11.76,A
11/15/2019,11.81,A
11/16/2019,11.4,A
11/17/2019,9.4,A
11/18/2019,7.58,A
11/19/2019,6.64,A
11/20/2019,6.32,A
11/21/2019,6.08,A
11/22/2019,5.94,A
11/23/2019,5.72,A
11/24/2019,4.69,A
11/25/2019,4.03,A
11/26/2019,3.77,A
11/27/2019,3.55,A
11/28/2019,3.33,A
11/29/2019,3.08,A
11/30/2019,2.99,A
12/1/2019,4.1,A
12/2/2019,5.56,A
12/3/2019,5.91,A
12/4/2019,5.93,A
12/5/2019,5.88,A
12/6/2019,5.89,A
12/7/2019,7.28,A
12/8/2019,10.44,A
12/9/2019,11.91,A
12/10/2019,12.33,A
12/11/2019,12.52,A
12/12/2019,12.65,A
12/13/2019,12.77,A
12/14/2019,13.2,A
12/15/2019,13.03,A
12/16/2019,12.28,A
12/17/2019,11.7,A
12/18/2019,11.29,A
12/19/2019,11.41,A
12/20/2019,11.84,A
12/21/2019,12.49,A
12/22/2019,12.93,A
12/23/2019,12.99,A
12/24/2019,13.03,A
12/25/2019,13.1,A
12/26/2019,13.15,A
12/27/2019,13.17,A
12/28/2019,12.57,A
12/29/2019,11.04,A
12/30/2019,9.75,A
12/31/2019,9.04,A
1/1/2020,8.63,A
1/2/2020,8.37,A
1/3/2020,8.27,A
1/4/2020,8.59,A
1/5/2020,9.05,A
1/6/2020,9.01,A
1/7/2020,8.76,A
1/8/2020,8.81,A
1/9/2020,9.23,A
1/10/2020,9.59,A
1/11/2020,10.6,A
1/12/2020,11.18,A
1/13/2020,11.32,A
1/14/2020,11.88,A
1/15/2020,12.68,A
1/16/2020,12.87,A
1/17/2020,12.81,A
1/18/2020,12.85,A
1/19/2020,12.96,A
1/20/2020,12.96,A
1/21/2020,12.98,A
1/22/2020,13.14,A
1/23/2020,13.35,A
1/24/2020,13.24,A
1/25/2020,12.68,A
1/26/2020,11.17,A
1/27/2020,9.89,A
1/28/2020,9.12,A
1/29/2020,8.65,A
1/30/2020,9.9,A
1/31/2020,12.14,A
2/1/2020,12.98,A
2/2/2020,13.75,A
2/3/2020,14.22,A
2/4/2020,14.41,A
2/5/2020,14.57,A
2/6/2020,14.8,A
2/7/2020,15.75,A
2/8/2020,16.44,A
2/9/2020,16.87,A
2/10/2020,17.08,A
2/11/2020,17.2,A
2/12/2020,17.29,A
2/13/2020,17.39,A
2/14/2020,17.55,A
2/15/2020,17.72,A
2/16/2020,17.84,A
2/17/2020,17.9,A
2/18/2020,17.92,A
2/19/2020,17.94,A
2/20/2020,17.94,A
2/21/2020,17.95,A
2/22/2020,17.94,A
2/23/2020,17.93,A
2/24/2020,17.92,A
2/25/2020,17.92,A
2/26/2020,17.91,A
2/27/2020,17.86,A
2/28/2020,17.76,A
2/29/2020,17.6,A
3/1/2020,17.24,A
3/2/2020,16.56,A
3/3/2020,15.78,A
3/4/2020,15.03,A
3/5/2020,14.34,A
3/6/2020,13.82,A
3/7/2020,13.29,A
3/8/2020,11.88,A
3/9/2020,10.13,A
3/10/2020,8.96,A
3/11/2020,8.23,A
3/12/2020,7.75,A
3/13/2020,7.39,A
3/14/2020,7.22,A
3/15/2020,7.04,A
3/16/2020,6.8,A
3/17/2020,6.49,A
3/18/2020,6.63,A
3/19/2020,8.01,A
3/20/2020,7.83,A
3/21/2020,7.92,A
3/22/2020,7.37,A
3/23/2020,6.61,A
3/24/2020,6.31,A
3/25/2020,6.84,A
3/26/2020,8.25,A
3/27/2020,9.38,A
3/28/2020,10.58,A
3/29/2020,10.77,A
3/30/2020,10.68,A
3/31/2020,10.55,A
4/1/2020,10.6,A
4/2/2020,10.59,A
4/3/2020,10.52,A
4/4/2020,10.45,A
4/5/2020,10.37,A
4/6/2020,10.32,A
4/7/2020,10.37,A
4/8/2020,10.4,A
4/9/2020,10.36,A
4/10/2020,10.24,A
4/11/2020,10,A
4/12/2020,9.53,A
4/13/2020,9.23,A
4/14/2020,11.11,A
4/15/2020,13.61,A
4/16/2020,14.24,A
4/17/2020,14.51,A
4/18/2020,14.68,A
4/19/2020,14.64,A
4/20/2020,14.62,A
4/21/2020,14.7,A
4/22/2020,14.71,A
4/23/2020,14.71,A
4/24/2020,14.72,A
4/25/2020,14.61,A
4/26/2020,14.01,A
4/27/2020,13.42,A
4/28/2020,13.16,A
4/29/2020,13.07,A
4/30/2020,13.17,A
5/1/2020,14.48,A
5/2/2020,15.49,A
5/3/2020,16.03,A
5/4/2020,16.37,A
5/5/2020,16.58,A
5/6/2020,16.71,A
5/7/2020,16.79,A
5/8/2020,16.84,A
5/9/2020,16.87,A
5/10/2020,16.84,A
5/11/2020,16.52,A
5/12/2020,15.67,A
5/13/2020,14.37,A
5/14/2020,13.11,A
5/15/2020,12.17,A
5/16/2020,11.43,A
5/17/2020,10.86,A
5/18/2020,10.46,A
5/19/2020,10.19,A
5/20/2020,10.44,A
5/21/2020,11.46,A
5/22/2020,12.19,A
5/23/2020,12.76,A
5/24/2020,13.28,A
5/25/2020,13.47,A
5/26/2020,13.53,A
5/27/2020,13.81,A
5/28/2020,15.01,A
5/29/2020,15.86,A
5/30/2020,16.48,A
5/31/2020,16.89,A
6/1/2020,17.09,A
6/2/2020,17.23,A
6/3/2020,17.43,A
6/4/2020,17.62,A
6/5/2020,17.73,A
6/6/2020,17.79,A
6/7/2020,17.82,A
6/8/2020,17.83,A
6/9/2020,17.84,A
6/10/2020,17.84,A
6/11/2020,17.84,A
6/12/2020,17.84,A
6/13/2020,17.82,A
6/14/2020,17.76,A
6/15/2020,17.71,A
6/16/2020,17.64,A
6/17/2020,17.52,A
6/18/2020,17.34,A
6/19/2020,17.21,A
6/20/2020,17.19,A
6/21/2020,17.24,A
6/22/2020,17.26,A
6/23/2020,17.29,A
6/24/2020,17.32,A
6/25/2020,17.35,A
6/26/2020,17.39,A
6/27/2020,17.44,A
6/28/2020,17.49,A
6/29/2020,17.53,A
6/30/2020,17.57,A
7/1/2020,17.59,A
7/2/2020,17.61,A
7/3/2020,17.61,A
7/4/2020,17.62,A
7/5/2020,17.62,A
7/6/2020,17.62,A
7/7/2020,17.61,A
7/8/2020,17.56,A
7/9/2020,17.46,A
7/10/2020,17.28,A
7/11/2020,16.86,A
7/12/2020,16.03,A
7/13/2020,14.95,A
7/14/2020,13.72,A
7/15/2020,12.05,A
7/16/2020,10.38,A
7/17/2020,8.7,A
7/18/2020,7.4,A
7/19/2020,6.61,A
7/20/2020,5.99,A
7/21/2020,5.62,A
7/22/2020,6.96,A
7/23/2020,6.88,A
7/24/2020,5.6,A
7/25/2020,4.39,A
7/26/2020,3.85,A
7/27/2020,3.64,A
7/28/2020,4.4,A
7/29/2020,5.71,A
7/30/2020,5.64,A
7/31/2020,4.71,A
8/1/2020,3.91,A
8/2/2020,3.55,A
8/3/2020,3.79,A
8/4/2020,9.17,A
8/5/2020,13.31,A
8/6/2020,13.38,A
8/7/2020,13.51,A
8/8/2020,12.7,A
8/9/2020,9.95,A
8/10/2020,7.65,A
8/11/2020,9.71,A
8/12/2020,13.16,A
8/13/2020,14.25,A
8/14/2020,14.37,A
8/15/2020,14.06,A
8/16/2020,11.4,A
8/17/2020,9.63,A
8/18/2020,8.36,A
8/19/2020,7.82,A
8/20/2020,6.85,A
8/21/2020,7.89,A
8/22/2020,10.27,A
8/23/2020,10.92,A
8/24/2020,10.81,A
8/25/2020,11.78,A
8/26/2020,12.63,A
8/27/2020,11.91,A
8/28/2020,12.29,A
8/29/2020,11.91,A
8/30/2020,10.93,A
8/31/2020,10.43,A
9/1/2020,10.47,A
9/2/2020,11.15,A
9/3/2020,12.04,A
9/4/2020,13.06,A
9/5/2020,13.89,A
9/6/2020,12.89,A
9/7/2020,11.52,A
9/8/2020,10.52,A
9/9/2020,10.5,A
9/10/2020,11.36,A
9/11/2020,11.99,A
9/12/2020,11.19,A
9/13/2020,8.65,A
9/14/2020,6.5,A
9/15/2020,9.28,A
9/16/2020,10.54,A
9/17/2020,8.75,A
9/18/2020,10.16,A
9/19/2020,14.13,A
9/20/2020,14.27,A
9/21/2020,13.94,A
9/22/2020,14.3,A
9/23/2020,14.6,A
9/24/2020,14.79,A
9/25/2020,14.93,A
9/26/2020,15.07,A
9/27/2020,15.16,A
9/28/2020,15.19,A
9/29/2020,14.7,A
9/30/2020,14.28,A
10/1/2020,14.65,A
10/2/2020,13.01,A
10/3/2020,11.33,A
10/4/2020,12.67,A
10/5/2020,13.3,A
10/6/2020,13.71,A
10/7/2020,14.1,A
10/8/2020,14.5,A
10/9/2020,14.74,A
10/10/2020,14.73,A
10/11/2020,13.4,A
10/12/2020,10.42,A
10/13/2020,8.25,A
10/14/2020,9.44,A
10/15/2020,9.96,A
10/16/2020,12.4,A
10/17/2020,13.89,A
10/18/2020,14.31,A
10/19/2020,14.56,A
10/20/2020,14.75,A
10/21/2020,14.89,A
10/22/2020,15,A
10/23/2020,15.1,A
10/24/2020,15.15,A
10/25/2020,15.02,A
10/26/2020,14.26,A
10/27/2020,11.8,A
10/28/2020,10.84,A
10/29/2020,11.43,A
10/30/2020,10.89,A
10/31/2020,12.37,A
11/1/2020,13.54,A
11/2/2020,13.71,A
11/3/2020,14.64,A
11/4/2020,15.46,A
11/5/2020,15.92,A
11/6/2020,16.26,A
11/7/2020,16.54,A
11/8/2020,16.72,A
11/9/2020,16.84,A
11/10/2020,16.93,A
11/11/2020,17.02,A
11/12/2020,17.37,A
11/13/2020,17.58,A
11/14/2020,17.68,A
11/15/2020,17.72,A
11/16/2020,17.74,A
11/17/2020,17.73,A
11/18/2020,17.73,A
11/19/2020,17.77,A
11/20/2020,17.85,A
11/21/2020,17.92,A
11/22/2020,17.97,A
11/23/2020,18,A
11/24/2020,18.01,A
11/25/2020,18.02,A
11/26/2020,18.03,A
11/27/2020,18.03,A
11/28/2020,18.01,A
11/29/2020,17.97,A
11/30/2020,17.94,A
12/1/2020,17.87,A
12/2/2020,17.78,A
12/3/2020,17.66,A
12/4/2020,17.55,A
12/5/2020,17.48,A
12/6/2020,17.44,A
12/7/2020,17.41,A
12/8/2020,17.4,A
12/9/2020,17.39,A
12/10/2020,17.38,A
12/11/2020,17.38,A
12/12/2020,17.38,A
12/13/2020,17.38,A
12/14/2020,17.4,A
12/15/2020,17.41,A
12/16/2020,17.43,A
12/17/2020,17.45,A
12/18/2020,17.46,A
12/19/2020,17.47,A
12/20/2020,17.52,A
12/21/2020,17.56,A
12/22/2020,17.59,A
12/23/2020,17.62,A
12/24/2020,17.66,A
12/25/2020,17.72,A
12/26/2020,17.75,A
12/27/2020,17.77,A
12/28/2020,17.78,A
12/29/2020,17.77,A
12/30/2020,17.76,A
12/31/2020,17.76,A
1/1/2021,17.77,A
1/2/2021,17.76,A
1/3/2021,17.77,A
1/4/2021,17.77,A
1/5/2021,17.77,A
1/6/2021,17.76,A
1/7/2021,17.75,A
1/8/2021,17.75,A
1/9/2021,17.74,A
1/10/2021,17.72,A
1/11/2021,17.71,A
1/12/2021,17.7,A
1/13/2021,17.69,A
1/14/2021,17.69,A
1/15/2021,17.68,A
1/16/2021,17.68,A
1/17/2021,17.66,A
1/18/2021,17.61,A
1/19/2021,17.51,A
1/20/2021,17.3,A
1/21/2021,16.87,A
1/22/2021,16.04,A
1/23/2021,14.82,A
1/24/2021,13.83,A
1/25/2021,13.04,A
1/26/2021,12.64,A
1/27/2021,13.68,A
1/28/2021,13.93,A
1/29/2021,14.85,A
1/30/2021,15.73,A
1/31/2021,16.26,A
2/1/2021,16.71,A
2/2/2021,16.93,A
2/3/2021,17.03,A
2/4/2021,17.11,A
2/5/2021,17.18,A
2/6/2021,17.22,A
2/7/2021,17.25,A
2/8/2021,17.27,A
2/9/2021,17.3,A
2/10/2021,17.31,A
2/11/2021,17.33,A
2/12/2021,17.34,A
2/13/2021,17.36,A
2/14/2021,17.4,A
2/15/2021,17.44,A
2/16/2021,17.51,A
2/17/2021,17.53,A
2/18/2021,17.57,A
2/19/2021,17.65,A
2/20/2021,17.71,A
2/21/2021,17.77,A
2/22/2021,17.82,A
2/23/2021,17.87,A
2/24/2021,17.89,A
2/25/2021,17.91,A
2/26/2021,17.92,A
2/27/2021,17.94,A
2/28/2021,17.94,A
3/1/2021,17.94,A
3/2/2021,17.94,A
3/3/2021,17.92,A
3/4/2021,17.89,A
3/5/2021,17.83,A
3/6/2021,17.78,A
3/7/2021,17.73,A
3/8/2021,17.69,A
3/9/2021,17.63,A
3/10/2021,17.54,A
3/11/2021,17.35,A
3/12/2021,16.97,A
3/13/2021,16.43,A
3/14/2021,15.69,A
3/15/2021,14.93,A
3/16/2021,14.17,A
3/17/2021,13.39,A
3/18/2021,12.43,A
3/19/2021,11.71,A
3/20/2021,11.54,A
3/21/2021,13.66,A
3/22/2021,14.67,A
3/23/2021,15.44,A
3/24/2021,15.93,A
3/25/2021,16.29,A
3/26/2021,16.56,A
3/27/2021,16.73,A
3/28/2021,16.87,A
3/29/2021,16.95,A
3/30/2021,17.02,A
3/31/2021,17.08,A
4/1/2021,17.16,A
4/2/2021,17.18,A
4/3/2021,17.19,A
4/4/2021,17.21,A
4/5/2021,17.21,A
4/6/2021,17.22,A
4/7/2021,17.22,A
4/8/2021,17.22,A
4/9/2021,17.22,A
4/10/2021,17.23,A
4/11/2021,17.23,A
4/12/2021,17.09,A
4/13/2021,16.74,A
4/14/2021,16.23,A
4/15/2021,15.71,A
4/16/2021,15.36,A
4/17/2021,15.04,A
4/18/2021,14.73,A
4/19/2021,14.45,A
4/20/2021,14.23,A
4/21/2021,14.06,A
4/22/2021,13.88,A
4/23/2021,13.69,A
4/24/2021,13.48,A
4/25/2021,12.95,A
4/26/2021,12.11,A
4/27/2021,11.45,A
4/28/2021,11.06,A
4/29/2021,10.83,A
4/30/2021,10.64,A
5/1/2021,10.38,A
5/2/2021,10.15,A
5/3/2021,10.05,A
5/4/2021,10.02,A
5/5/2021,9.93,A
5/6/2021,9.43,A
5/7/2021,8.86,A
5/8/2021,8.56,A
5/9/2021,8.61,A
5/10/2021,8.62,A
5/11/2021,8.67,A
5/12/2021,8.65,A
5/13/2021,8.68,A
5/14/2021,8.71,A
5/15/2021,8.67,A
5/16/2021,8.37,A
5/17/2021,7.96,A
5/18/2021,7.66,A
5/19/2021,7.36,A
5/20/2021,7.01,A
5/21/2021,6.83,A
5/22/2021,6.67,A
5/23/2021,6.43,A
5/24/2021,6.15,A
5/25/2021,6.03,A
5/26/2021,5.98,A
5/27/2021,6.03,A
5/28/2021,6.01,A
5/29/2021,6.05,A
5/30/2021,6,A
5/31/2021,5.53,A
6/1/2021,5.35,A
6/2/2021,5.48,A
6/3/2021,6.6,A
6/4/2021,8.41,A
6/5/2021,9.38,A
6/6/2021,9.43,A
6/7/2021,9.03,A
6/8/2021,8.7,A
6/9/2021,8.45,A
6/10/2021,9.12,A
6/11/2021,9.81,A
6/12/2021,10.58,A
6/13/2021,10.91,A
6/14/2021,10.86,A
6/15/2021,10.68,A
6/16/2021,10.45,A
6/17/2021,10.25,A
6/18/2021,10.07,A
6/19/2021,9.91,A
6/20/2021,8.2,A
6/21/2021,6.76,A
6/22/2021,9.56,A
6/23/2021,10.39,A
6/24/2021,9.29,A
6/25/2021,8.25,A
6/26/2021,6.9,A
6/27/2021,5.78,A
6/28/2021,5.18,A
6/29/2021,4.78,A
6/30/2021,4.34,A
7/1/2021,4.18,A
7/2/2021,3.98,A
7/3/2021,3.67,A
7/4/2021,3.31,A
7/5/2021,3.35,A
7/6/2021,6.35,A
7/7/2021,9.02,A
7/8/2021,10.28,A
7/9/2021,11.79,A
7/10/2021,9.84,A
7/11/2021,7.01,A
7/12/2021,5.14,A
7/13/2021,6.29,A
7/14/2021,9,A
7/15/2021,9.66,A
7/16/2021,10.38,A
7/17/2021,9.26,A
7/18/2021,6.71,A
7/19/2021,4.77,A
7/20/2021,6.03,A
7/21/2021,8.24,A
7/22/2021,8.25,A
7/23/2021,7.62,A
7/24/2021,7.31,A
7/25/2021,6.1,A
7/26/2021,4.48,A
7/27/2021,6.75,A
7/28/2021,10.32,A
7/29/2021,11,A
7/30/2021,10.02,A
7/31/2021,7.97,A
8/1/2021,5.68,A
8/2/2021,4.34,A
8/3/2021,4.69,A
8/4/2021,6.27,A
8/5/2021,6.12,A
8/6/2021,6.15,A
8/7/2021,6.6,A
8/8/2021,7.16,A
8/9/2021,7.07,A
8/10/2021,6.51,A
8/11/2021,7.06,A
8/12/2021,6.92,A
8/13/2021,7.04,A
8/14/2021,6.86,A
8/15/2021,5.61,A
8/16/2021,5.05,A
8/17/2021,5.01,A
8/18/2021,4.72,A
8/19/2021,4.8,A
8/20/2021,5.36,A
8/21/2021,6.83,A
8/22/2021,5.36,A
8/23/2021,4.27,A
8/24/2021,6.27,A
8/25/2021,9.19,A
8/26/2021,10.03,A
8/27/2021,10.14,A
8/28/2021,8.92,A
8/29/2021,6.58,A
8/30/2021,4.81,A
8/31/2021,5.92,A
9/1/2021,6.78,A
9/2/2021,6.27,A
9/3/2021,5.28,A
9/4/2021,3.99,A
9/5/2021,3.42,A
9/6/2021,3.26,A
9/7/2021,3.18,A
9/8/2021,3.58,A
9/9/2021,4.94,A
9/10/2021,5.89,A
9/11/2021,6.7,A
9/12/2021,5.37,A
9/13/2021,3.93,A
9/14/2021,5.06,A
9/15/2021,8.38,A
9/16/2021,9.33,A
9/17/2021,6.85,A
9/18/2021,4.27,A
9/19/2021,3.09,A
9/20/2021,2.99,A
9/21/2021,4.23,A
9/22/2021,6.29,A
9/23/2021,6.8,A
9/24/2021,6,A
9/25/2021,4.26,A
9/26/2021,3.18,A
9/27/2021,2.91,A
9/28/2021,4.18,A
9/29/2021,8.32,A
9/30/2021,9.29,A
10/1/2021,7.02,A
10/2/2021,4.57,A
10/3/2021,3.32,A
10/4/2021,2.95,A
10/5/2021,4.3,A
10/6/2021,5.37,A
10/7/2021,4.52,A
10/8/2021,3.73,A
10/9/2021,3.22,A
10/10/2021,3.2,A
10/11/2021,2.97,A
10/12/2021,3.74,A
10/13/2021,4.85,A
10/14/2021,4.46,A
10/15/2021,4.61,A
10/16/2021,6.33,A
10/17/2021,5.39,A
10/18/2021,3.58,A
10/19/2021,4.03,A
10/20/2021,6.39,A
10/21/2021,7.46,A
10/22/2021,6.72,A
10/23/2021,5.68,A
10/24/2021,4.25,A
10/25/2021,3.23,A
10/26/2021,3.95,A
10/27/2021,4.43,A
10/28/2021,4.17,A
10/29/2021,4.46,A
10/30/2021,4.94,A
10/31/2021,6.12,A
11/1/2021,6.67,A
11/2/2021,6.8,A
11/3/2021,6.8,A
11/4/2021,6.7,A
11/5/2021,6.59,A
11/6/2021,6.45,A
11/7/2021,5.1,A
11/8/2021,3.18,A
11/9/2021,3.57,A
11/10/2021,5.78,A
11/11/2021,5.57,A
11/12/2021,6.07,A
11/13/2021,5.97,A
11/14/2021,4.73,A
11/15/2021,3.51,A
11/16/2021,3.16,A
11/17/2021,3.7,A
11/18/2021,3.6,A
11/19/2021,3.3,A
11/20/2021,3.03,A
11/21/2021,2.88,A
11/22/2021,2.99,A
11/23/2021,2.9,A
11/24/2021,2.64,A
11/25/2021,3.59,A
11/26/2021,3.63,A
11/27/2021,3,A
11/28/2021,2.81,A
11/29/2021,2.82,A
11/30/2021,2.69,A
12/1/2021,3.67,A
12/2/2021,4.02,A
12/3/2021,3.52,A
12/4/2021,3.15,A
12/5/2021,3.07,A
12/6/2021,3.03,A
12/7/2021,3.2,A
12/8/2021,3.78,A
12/9/2021,4.21,A
12/10/2021,5.31,A
12/11/2021,4.79,A
12/12/2021,3.86,A
12/13/2021,3.27,A
12/14/2021,3.93,A
12/15/2021,5.36,A
12/16/2021,4.76,A
12/17/2021,3.61,A
12/18/2021,3.04,A
12/19/2021,3.04,A
12/20/2021,2.98,A
12/21/2021,4.62,A
12/22/2021,6.59,A
12/23/2021,5.57,A
12/24/2021,5.12,A
12/25/2021,4.19,A
12/26/2021,3.44,A
12/27/2021,3.11,A
12/28/2021,3.38,A
12/29/2021,3.33,A
12/30/2021,3.26,A
12/31/2021,3.25,A
1/1/2022,4.43,A
1/2/2022,4.95,A
1/3/2022,4.62,A
1/4/2022,7.9,A
1/5/2022,10.5,A
1/6/2022,8.41,A
1/7/2022,6.44,A
1/8/2022,8.69,A
1/9/2022,10.65,A
1/10/2022,11.01,A
1/11/2022,11.26,A
1/12/2022,11.03,A
1/13/2022,10.53,A
1/14/2022,9.64,A
1/15/2022,8.83,A
1/16/2022,8.23,A
1/17/2022,8.72,A
1/18/2022,10.17,A
1/19/2022,10.76,A
1/20/2022,10.48,A
1/21/2022,9.44,A
1/22/2022,8.5,A
1/23/2022,8.05,A
1/24/2022,7.93,A
1/25/2022,7.88,A
1/26/2022,7.87,A
1/27/2022,7.71,A
1/28/2022,7.81,A
1/29/2022,7.7,A
1/30/2022,7.51,A
1/31/2022,7.79,A
2/1/2022,7.95,A
2/2/2022,7.84,A
2/3/2022,7.78,A
2/4/2022,7.75,A
2/5/2022,7.56,A
2/6/2022,6.26,A
2/7/2022,4.88,A
2/8/2022,4.37,A
2/9/2022,4.5,A
2/10/2022,4.47,A
2/11/2022,4.38,A
2/12/2022,4.21,A
2/13/2022,4.34,A
2/14/2022,4.68,A
2/15/2022,6.18,A
2/16/2022,7.53,A
2/17/2022,8.67,A
2/18/2022,9.34,A
2/19/2022,9.65,A
2/20/2022,9.22,A
2/21/2022,7.89,A
2/22/2022,6.91,A
2/23/2022,6.26,A
2/24/2022,5.91,A
2/25/2022,6.2,A
2/26/2022,6.72,A
2/27/2022,8.33,A
2/28/2022,9.49,A
3/1/2022,9.92,A
3/2/2022,10.06,A
3/3/2022,10.09,A
3/4/2022,10.13,A
3/5/2022,9.96,A
3/6/2022,8.73,A
3/7/2022,7.63,A
3/8/2022,7.13,A
3/9/2022,7.02,A
3/10/2022,6.92,A
3/11/2022,6.95,A
3/12/2022,7.79,A
3/13/2022,10.42,A
3/14/2022,11.6,A
3/15/2022,11.74,A
3/16/2022,11.66,A
3/17/2022,11.58,A
3/18/2022,12,A
3/19/2022,12.78,A
3/20/2022,13.16,A
3/21/2022,13.28,A
3/22/2022,13.58,A
3/23/2022,14.01,A
3/24/2022,14.27,A
3/25/2022,14.55,A
3/26/2022,14.71,A
3/27/2022,14.83,A
3/28/2022,14.89,A
3/29/2022,14.95,A
3/30/2022,14.99,A
3/31/2022,15.04,A
4/1/2022,15.09,A
4/2/2022,14.96,A
4/3/2022,14.22,A
4/4/2022,13.26,A
4/5/2022,12.2,A
4/6/2022,11.48,A
4/7/2022,11.03,A
4/8/2022,10.85,A
4/9/2022,10.53,A
4/10/2022,9.88,A
4/11/2022,9.35,A
4/12/2022,9.06,A
4/13/2022,8.84,A
4/14/2022,8.65,A
4/15/2022,8.55,A
4/16/2022,8.28,A
4/17/2022,7.89,A
4/18/2022,7.68,A
4/19/2022,7.25,A
4/20/2022,6.95,A
4/21/2022,7.06,A
4/22/2022,7.3,A
4/23/2022,7.35,A
4/24/2022,7.27,A
4/25/2022,7.23,A
4/26/2022,7.21,A
4/27/2022,7.24,A
4/28/2022,7.17,A
4/29/2022,7.1,A
4/30/2022,7.06,A
5/1/2022,7.07,A
5/2/2022,7.16,A
5/3/2022,7.34,A
5/4/2022,7.52,A
5/5/2022,7.67,A
5/6/2022,7.75,A
5/7/2022,7.88,A
5/8/2022,7.7,A
5/9/2022,7.12,A
5/10/2022,6.64,A
5/11/2022,6.34,A
5/12/2022,6.2,A
5/13/2022,6.29,A
5/14/2022,6.56,A
5/15/2022,6.56,A
5/16/2022,6.4,A
5/17/2022,6.34,A
5/18/2022,6.21,A
5/19/2022,6.15,A
5/20/2022,6.15,A
5/21/2022,6.11,A
5/22/2022,6.09,A
5/23/2022,6.13,A
5/24/2022,6.35,A
5/25/2022,6.55,A
5/26/2022,7.55,A
5/27/2022,9.33,A
5/28/2022,10.38,A
5/29/2022,11.08,A
5/30/2022,11.65,A
5/31/2022,11.81,A
6/1/2022,11.86,A
6/2/2022,11.95,A
6/3/2022,12.02,A
6/4/2022,12.05,A
6/5/2022,12.08,A
6/6/2022,12.09,A
6/7/2022,12.09,A
6/8/2022,12.11,A
6/9/2022,12.08,A
6/10/2022,12.06,A
6/11/2022,12.03,A
6/12/2022,11.42,A
6/13/2022,10.39,A
6/14/2022,9.68,A
6/15/2022,9.06,A
6/16/2022,7.86,A
6/17/2022,6.55,A
6/18/2022,6.16,A
6/19/2022,5.55,A
6/20/2022,4.32,A
6/21/2022,3.82,A
6/22/2022,3.65,A
6/23/2022,4.66,A
6/24/2022,5.68,A
6/25/2022,7.07,A
6/26/2022,6.52,A
6/27/2022,4.79,A
6/28/2022,3.95,A
6/29/2022,3.53,A
6/30/2022,3.62,A
7/1/2022,4.55,A
7/2/2022,3.95,A
7/3/2022,3.17,A
7/4/2022,2.82,A
7/5/2022,2.64,A
7/6/2022,3.52,A
7/7/2022,,
7/8/2022,4.85,A
7/9/2022,3.7,A
7/10/2022,3.31,A
7/11/2022,3,A
7/12/2022,3.51,A
7/13/2022,5.19,A
7/14/2022,5.87,A
7/15/2022,5.24,A
7/16/2022,4.4,A
7/17/2022,4.11,A
7/18/2022,3.77,A
7/19/2022,4.04,A
7/20/2022,4.95,A
7/21/2022,5.68,A
7/22/2022,5.9,A
7/23/2022,5.84,A
7/24/2022,4.92,A
7/25/2022,3.63,A
7/26/2022,3.84,A
7/27/2022,4.95,A
7/28/2022,4.67,A
7/29/2022,5.23,A
7/30/2022,5.14,A
7/31/2022,3.82,A
8/1/2022,3.24,A
8/2/2022,3.24,A
8/3/2022,3.77,A
8/4/2022,4.37,A
8/5/2022,4.95,A
8/6/2022,5.89,A
8/7/2022,5.08,A
8/8/2022,3.92,A
8/9/2022,7.05,A
8/10/2022,9.85,A
8/11/2022,9.21,A
8/12/2022,7.63,A
8/13/2022,6.26,A
8/14/2022,4.45,A
8/15/2022,4.27,A
8/16/2022,4.37,A
8/17/2022,3.82,A
8/18/2022,4.34,A
8/19/2022,6.59,A
8/20/2022,6.3,A
8/21/2022,5.34,A
8/22/2022,3.88,A
8/23/2022,3.62,A
8/24/2022,4.51,A
8/25/2022,5.18,A
8/26/2022,5.04,A
8/27/2022,4.59,A
8/28/2022,4.01,A
8/29/2022,3.22,A
8/30/2022,3.55,A
8/31/2022,5,A
9/1/2022,5.55,A
9/2/2022,4.96,A
9/3/2022,3.85,A
9/4/2022,3.16,A
9/5/2022,2.92,A
9/6/2022,3.16,A
9/7/2022,4.66,A
9/8/2022,5.36,A
9/9/2022,4.8,A
9/10/2022,4.43,A
9/11/2022,4.35,A
9/12/2022,3.77,A
9/13/2022,4.27,A
9/14/2022,5.7,A
9/15/2022,6.01,A
9/16/2022,4.74,A
9/17/2022,3.85,A
9/18/2022,3.68,A
9/19/2022,3.33,A
9/20/2022,5.1,A
9/21/2022,5.78,A
9/22/2022,5.61,A
9/23/2022,5,A
9/24/2022,3.98,A
9/25/2022,3.08,A
9/26/2022,2.92,A
9/27/2022,3.86,A
9/28/2022,5.15,A
9/29/2022,4.54,A
9/30/2022,4.19,A
10/1/2022,4.88,A
10/2/2022,5.3,A
10/3/2022,4.79,A
10/4/2022,4.03,A
10/5/2022,3.8,A
10/6/2022,3.81,A
10/7/2022,3.86,A
10/8/2022,3.89,A
10/9/2022,4.4,A
10/10/2022,5.29,A
10/11/2022,5.59,A
10/12/2022,5.63,A
10/13/2022,5.74,A
10/14/2022,5.8,A
10/15/2022,5.69,A
10/16/2022,5.15,A
10/17/2022,4.43,A
10/18/2022,4.14,A
10/19/2022,3.79,A
10/20/2022,3.74,A
10/21/2022,3.86,A
10/22/2022,3.8,A
10/23/2022,3.62,A
10/24/2022,3.44,A
10/25/2022,3.63,A
10/26/2022,3.71,A
10/27/2022,3.91,A
10/28/2022,3.87,A
10/29/2022,4.06,A
10/30/2022,4.11,A
10/31/2022,4.27,A
11/1/2022,4.45,A
11/2/2022,4.39,A
11/3/2022,4.36,A
11/4/2022,4.73,A
11/5/2022,4.96,A
11/6/2022,4.87,A
11/7/2022,4.48,A
11/8/2022,4.47,A
11/9/2022,4.41,A
11/10/2022,4.19,A
11/11/2022,4.43,A
11/12/2022,4.71,A
11/13/2022,4.4,A
11/14/2022,3.56,A
11/15/2022,3.19,A
11/16/2022,3.25,A
11/17/2022,3.77,A
11/18/2022,5.51,A
11/19/2022,7.38,A
11/20/2022,8.15,A
11/21/2022,8.39,A
11/22/2022,8.64,A
11/23/2022,8.77,A
11/24/2022,8.75,A
11/25/2022,8.73,A
11/26/2022,8.78,A
11/27/2022,8.28,A
11/28/2022,7.88,A
11/29/2022,7.62,A
11/30/2022,7.64,A
12/1/2022,7.81,A
12/2/2022,7.68,A
12/3/2022,7.64,A
12/4/2022,8,A
12/5/2022,8.42,A
12/6/2022,8.67,A
12/7/2022,8.73,A
12/8/2022,8.81,A
12/9/2022,9.04,A
12/10/2022,9.26,A
12/11/2022,9.24,A
12/12/2022,8.68,A
12/13/2022,8.63,A
12/14/2022,8.8,A
12/15/2022,9.02,A
12/16/2022,10.24,A
12/17/2022,11.2,A
12/18/2022,10.52,A
12/19/2022,11.26,A
12/20/2022,12.64,A
12/21/2022,12.87,A
12/22/2022,12.25,A
12/23/2022,12.44,A
12/24/2022,13.18,A
12/25/2022,14.88,A
12/26/2022,15.43,A
12/27/2022,15.57,A
12/28/2022,14.79,A
12/29/2022,13.82,A
12/30/2022,12.99,A
12/31/2022,11.72,A
1/1/2023,10.83,A
1/2/2023,12.83,A
1/3/2023,13.69,A
1/4/2023,14.2,A
1/5/2023,14.54,A
1/6/2023,15.08,A
1/7/2023,15.38,A
1/8/2023,15.11,A
1/9/2023,13.17,A
1/10/2023,10.38,A
1/11/2023,9.44,A
1/12/2023,9.9,A
1/13/2023,11.3,A
1/14/2023,12.11,A
1/15/2023,12.69,A
1/16/2023,12.54,A
1/17/2023,12.47,A
1/18/2023,12.35,A
1/19/2023,11.8,A
1/20/2023,9.95,A
1/21/2023,8.72,A
1/22/2023,10.62,A
1/23/2023,12.13,A
1/24/2023,12.51,A
1/25/2023,12.65,A
1/26/2023,13.19,A
1/27/2023,13.88,A
1/28/2023,13.94,A
1/29/2023,12.7,A
1/30/2023,11.33,A
1/31/2023,12.47,A
2/1/2023,13.34,A
2/2/2023,13.54,A
2/3/2023,14.41,A
2/4/2023,15.01,A
2/5/2023,15.1,A
2/6/2023,13.97,A
2/7/2023,13.15,A
2/8/2023,12.75,A
2/9/2023,12.6,A
2/10/2023,12.57,A
2/11/2023,11.95,A
2/12/2023,11.42,A
2/13/2023,9.94,A
2/14/2023,9.62,A
2/15/2023,9.53,A
2/16/2023,11.96,A
2/17/2023,13.51,A
2/18/2023,14.38,A
2/19/2023,15.15,A
2/20/2023,15.57,A
2/21/2023,15.68,A
2/22/2023,15.71,A
2/23/2023,15.75,A
2/24/2023,15.71,A
2/25/2023,15.22,A
2/26/2023,14.06,A
2/27/2023,12.8,A
2/28/2023,10.95,A
3/1/2023,9.44,A
3/2/2023,9.45,A
3/3/2023,9.28,A
3/4/2023,8.71,A
3/5/2023,8.11,A
3/6/2023,7.61,A
3/7/2023,7.31,A
3/8/2023,6.98,A
3/9/2023,6.63,A
3/10/2023,6.55,A
3/11/2023,6.51,A
3/12/2023,6.38,A
3/13/2023,6.53,A
3/14/2023,6.45,A
3/15/2023,6.23,A
3/16/2023,6.21,A
3/17/2023,6.26,A
3/18/2023,6.38,A
3/19/2023,6.37,A
3/20/2023,6.31,A
3/21/2023,6.23,A
3/22/2023,6.27,A
3/23/2023,6.26,A
3/24/2023,6.53,A
3/25/2023,9.76,A
3/26/2023,8.58,A
3/27/2023,6.74,A
3/28/2023,5.85,A
3/29/2023,5.49,A
3/30/2023,5.34,A
3/31/2023,5.48,A
4/1/2023,5.5,A
4/2/2023,5.63,A
4/3/2023,5.54,A
4/4/2023,5.38,A
4/5/2023,5.28,A
4/6/2023,5.18,A
4/7/2023,5.33,A
4/8/2023,6.06,A
4/9/2023,8.13,A
4/10/2023,9.58,A
4/11/2023,9.81,A
4/12/2023,9.73,A
4/13/2023,9.52,A
4/14/2023,9.24,A
4/15/2023,9.21,A
4/16/2023,9.29,A
4/17/2023,9.27,A
4/18/2023,9.21,A
4/19/2023,9.15,A
4/20/2023,9.13,A
4/21/2023,9.24,A
4/22/2023,9.28,A
4/23/2023,9.44,A
4/24/2023,9.49,A
4/25/2023,9.48,A
4/26/2023,9.64,A
4/27/2023,10.82,A
4/28/2023,11.63,A
4/29/2023,12.16,A
4/30/2023,12.39,A
5/1/2023,12.93,A
5/2/2023,13.59,A
5/3/2023,13.88,A
5/4/2023,13.85,A
5/5/2023,13.72,A
5/6/2023,13.58,A
5/7/2023,13.48,A
5/8/2023,13.41,A
5/9/2023,13.26,A
5/10/2023,12.68,A
5/11/2023,12.15,A
5/12/2023,11.86,A
5/13/2023,11.61,A
5/14/2023,10.71,A
5/15/2023,9.61,A
5/16/2023,8.86,A
5/17/2023,8.52,A
5/18/2023,8.72,A
5/19/2023,9.16,A
5/20/2023,9.33,A
5/21/2023,9.17,A
5/22/2023,8.62,A
5/23/2023,8.23,A
5/24/2023,8.19,A
5/25/2023,8.21,A
5/26/2023,8.28,A
5/27/2023,8.35,A
5/28/2023,8.43,A
5/29/2023,8.51,A
5/30/2023,8.08,A
5/31/2023,7.12,A
6/1/2023,6.61,A
6/2/2023,6.78,A
6/3/2023,6.95,A
6/4/2023,7.09,A
6/5/2023,6.98,A
6/6/2023,7.02,A
6/7/2023,7.04,A
6/8/2023,7.02,A
6/9/2023,7.09,A
6/10/2023,7.07,A
6/11/2023,6.76,A
6/12/2023,6.44,A
6/13/2023,6.35,A
6/14/2023,6.17,A
6/15/2023,6.15,A
6/16/2023,6.19,A
6/17/2023,7.81,A
6/18/2023,7.01,A
6/19/2023,5.26,A
6/20/2023,4.69,A
6/21/2023,5.36,A
6/22/2023,6.32,A
6/23/2023,6.03,A
6/24/2023,5.43,A
6/25/2023,6.22,A
6/26/2023,7.78,A
6/27/2023,10.15,A
6/28/2023,11.92,A
6/29/2023,12.91,A
6/30/2023,13.13,A
7/1/2023,12.79,A
7/2/2023,10.96,A
7/3/2023,9.33,A
7/4/2023,7.87,A
7/5/2023,7.04,A
7/6/2023,7.2,A
7/7/2023,9.82,A
7/8/2023,8.97,A
7/9/2023,6.8,A
7/10/2023,5.26,A
7/11/2023,4.72,A
7/12/2023,6.79,A
7/13/2023,7.42,A
7/14/2023,7.13,A
7/15/2023,5.84,A
7/16/2023,4.88,A
7/17/2023,4.23,A
7/18/2023,5.02,A
7/19/2023,7.62,A
7/20/2023,9.67,A
7/21/2023,11.04,A
7/22/2023,11.76,A
7/23/2023,10.08,A
7/24/2023,8.83,A
7/25/2023,8.4,A
7/26/2023,9.33,A
7/27/2023,10,A
7/28/2023,10.27,A
7/29/2023,10.43,A
7/30/2023,7.89,A
7/31/2023,5.32,A
8/1/2023,4.32,A
8/2/2023,5.04,A
8/3/2023,5.39,A
8/4/2023,5.25,A
8/5/2023,4.86,A
8/6/2023,3.92,A
8/7/2023,4.34,A
8/8/2023,4.65,A
8/9/2023,4.08,A
8/10/2023,3.87,A
8/11/2023,4.02,A
8/12/2023,3.5,A
8/13/2023,3.2,A
8/14/2023,3.69,A
8/15/2023,6.34,A
8/16/2023,7.71,A
8/17/2023,7.11,A
8/18/2023,5.93,A
8/19/2023,4.95,A
8/20/2023,3.84,A
8/21/2023,3.34,A
8/22/2023,5.05,A
8/23/2023,6.49,P
8/24/2023,5.28,P
8/25/2023,4,P
8/26/2023,3.44,P
8/27/2023,3.36,P
8/28/2023,3.33,P
8/29/2023,3.86,P
8/30/2023,4.7,P
8/31/2023,5.45,P
9/1/2023,5.72,P
9/2/2023,5.12,P
9/3/2023,4.1,P
9/4/2023,3.72,P
9/5/2023,3.62,P
9/6/2023,4.41,P
9/7/2023,5.51,P
9/8/2023,5.44,P
9/9/2023,6.05,P
9/10/2023,6.25,P
9/11/2023,5.16,P
9/12/2023,4.55,P
9/13/2023,4.46,P
9/14/2023,4.49,P
9/15/2023,4.24,P
9/16/2023,3.97,P
9/17/2023,4.14,P
9/18/2023,4.3,P
9/19/2023,4.2,P
9/20/2023,4.18,P
9/21/2023,4.1,P
9/22/2023,4.12,P
9/23/2023,5.14,P
9/24/2023,7.45,P
9/25/2023,7.88,P
9/26/2023,6.92,P
9/27/2023,6.01,P
9/28/2023,5.23,P
9/29/2023,4.82,P
9/30/2023,4.61,P
10/1/2023,4.22,P
10/2/2023,3.7,P
10/3/2023,3.54,P
10/4/2023,3.52,P
10/5/2023,3.54,P
10/6/2023,3.54,P
10/7/2023,3.36,P
10/8/2023,3.08,P
10/9/2023,3.09,P
10/10/2023,3.1,P
10/11/2023,3.11,P
10/12/2023,3.02,P
10/13/2023,3.02,P
10/14/2023,3.27,P
10/15/2023,3.77,P
10/16/2023,4.43,P
10/17/2023,4.26,P
10/18/2023,4.67,P
10/19/2023,4.57,P
10/20/2023,4.05,P
10/21/2023,3.61,P
10/22/2023,3.41,P
10/23/2023,3.24,P
10/24/2023,3.03,P
10/25/2023,3.04,P
10/26/2023,3.25,P
10/27/2023,3.31,P
10/28/2023,3.3,P
10/29/2023,3.34,P
10/30/2023,3.35,P
10/31/2023,3.63,P
11/1/2023,3.19,P
11/2/2023,2.9,P
11/3/2023,3.07,P
11/4/2023,3.17,P
11/5/2023,3.19,P
11/6/2023,3.23,P
